Name,Body,Weapon,Helmet,Shield,Shield Pattern,Color,image_url,metadata,metadata_url
PixelLegion #0,Aethiopian,Pike,Soldier,Steel,War Symbol,Orange Red,ipfs://bafkreicpwyiinq6frtxfm3xtsydwsgd4poqkjedpsuj6pj6pijtlj5mqwm,"{'name': 'PixelLegion #0', 'description': 'This is Legionary #0 out of 100. PixelLegion is the NFT collection on the Polygon blockchain. Each of these 100 Legionaries has attributes that make them unique according to a defined rarity system.', 'image': 'ipfs://bafkreicpwyiinq6frtxfm3xtsydwsgd4poqkjedpsuj6pj6pijtlj5mqwm', 'attributes': [{'trait_type': 'Body', 'value': 'Aethiopian'}, {'trait_type': 'Weapon', 'value': 'Pike'}, {'trait_type': 'Helmet', 'value': 'Soldier'}, {'trait_type': 'Shield', 'value': 'Steel'}, {'trait_type': 'Pattern', 'value': 'War Symbol'}, {'trait_type': 'Color', 'value': 'Orange Red'}]}",ipfs://bafkreidd5wicfkfhu6fdfltvdez7u2ejkf76dpceg3nuxwtxokxnoe3enu
PixelLegion #1,Catalan,Mace,Horned,Steel,Bars,Black,ipfs://bafkreihnnrochbmfzn4eqmolrall4ioqigtbxb3siqnob2twf7tjbcfro4,"{'name': 'PixelLegion #1', 'description': 'This is Legionary #1 out of 100. PixelLegion is the NFT collection on the Polygon blockchain. Each of these 100 Legionaries has attributes that make them unique according to a defined rarity system.', 'image': 'ipfs://bafkreihnnrochbmfzn4eqmolrall4ioqigtbxb3siqnob2twf7tjbcfro4', 'attributes': [{'trait_type': 'Body', 'value': 'Catalan'}, {'trait_type': 'Weapon', 'value': 'Mace'}, {'trait_type': 'Helmet', 'value': 'Horned'}, {'trait_type': 'Shield', 'value': 'Steel'}, {'trait_type': 'Pattern', 'value': 'Bars'}, {'trait_type': 'Color', 'value': 'Black'}]}",ipfs://bafkreigx6s4pd33aq3ouirc4kurg7jniljmti2atcefhjjshts6l353tna
PixelLegion #2,Latin,Axe,Centurion,Scutum,Bars,Dark Magenta,ipfs://bafkreifd7ziczdntra5nwgr4ha7n55jdhnm2okfgrtenkxifjp7dwjecoa,"{'name': 'PixelLegion #2', 'description': 'This is Legionary #2 out of 100. PixelLegion is the NFT collection on the Polygon blockchain. Each of these 100 Legionaries has attributes that make them unique according to a defined rarity system.', 'image': 'ipfs://bafkreifd7ziczdntra5nwgr4ha7n55jdhnm2okfgrtenkxifjp7dwjecoa', 'attributes': [{'trait_type': 'Body', 'value': 'Latin'}, {'trait_type': 'Weapon', 'value': 'Axe'}, {'trait_type': 'Helmet', 'value': 'Centurion'}, {'trait_type': 'Shield', 'value': 'Scutum'}, {'trait_type': 'Pattern', 'value': 'Bars'}, {'trait_type': 'Color', 'value': 'Dark Magenta'}]}",ipfs://bafkreigj4o7fhf3rpeeripddis6gj4z3zhjwebghljrl6qgyv5nw3nmgcm
PixelLegion #3,Latin,Halberd,Centurion,Steel,Bars,Black,ipfs://bafkreibilallqx3oxy57q4757hbqg7yhzhl37vuuwlh4gi7rbzycl4uhy4,"{'name': 'PixelLegion #3', 'description': 'This is Legionary #3 out of 100. PixelLegion is the NFT collection on the Polygon blockchain. Each of these 100 Legionaries has attributes that make them unique according to a defined rarity system.', 'image': 'ipfs://bafkreibilallqx3oxy57q4757hbqg7yhzhl37vuuwlh4gi7rbzycl4uhy4', 'attributes': [{'trait_type': 'Body', 'value': 'Latin'}, {'trait_type': 'Weapon', 'value': 'Halberd'}, {'trait_type': 'Helmet', 'value': 'Centurion'}, {'trait_type': 'Shield', 'value': 'Steel'}, {'trait_type': 'Pattern', 'value': 'Bars'}, {'trait_type': 'Color', 'value': 'Black'}]}",ipfs://bafkreie7mghkfasfr6vubgsrmo6itiiey66ejty46hwkie335isavtjd6y
PixelLegion #4,Latin,Pike,Soldier,Wooden,V-mark,Golden Rod ,ipfs://bafkreieeo53rt5xmpbclhubsqzyeu5es47uqt4udjj5tjmrdp2pxkwx7xm,"{'name': 'PixelLegion #4', 'description': 'This is Legionary #4 out of 100. PixelLegion is the NFT collection on the Polygon blockchain. Each of these 100 Legionaries has attributes that make them unique according to a defined rarity system.', 'image': 'ipfs://bafkreieeo53rt5xmpbclhubsqzyeu5es47uqt4udjj5tjmrdp2pxkwx7xm', 'attributes': [{'trait_type': 'Body', 'value': 'Latin'}, {'trait_type': 'Weapon', 'value': 'Pike'}, {'trait_type': 'Helmet', 'value': 'Soldier'}, {'trait_type': 'Shield', 'value': 'Wooden'}, {'trait_type': 'Pattern', 'value': 'V-mark'}, {'trait_type': 'Color', 'value': 'Golden Rod '}]}",ipfs://bafkreih4bmob46curubnkljimfcxayrc7wvasxruewywdp4t24n5dkihke
PixelLegion #5,Latin,Halberd,Horned,Wooden,Cross,Royal Blue,ipfs://bafkreiau3p5wjnsrmmi33v25mzzhdseksghyyb36ewdlfjrfce54laogta,"{'name': 'PixelLegion #5', 'description': 'This is Legionary #5 out of 100. PixelLegion is the NFT collection on the Polygon blockchain. Each of these 100 Legionaries has attributes that make them unique according to a defined rarity system.', 'image': 'ipfs://bafkreiau3p5wjnsrmmi33v25mzzhdseksghyyb36ewdlfjrfce54laogta', 'attributes': [{'trait_type': 'Body', 'value': 'Latin'}, {'trait_type': 'Weapon', 'value': 'Halberd'}, {'trait_type': 'Helmet', 'value': 'Horned'}, {'trait_type': 'Shield', 'value': 'Wooden'}, {'trait_type': 'Pattern', 'value': 'Cross'}, {'trait_type': 'Color', 'value': 'Royal Blue'}]}",ipfs://bafkreicnopka6zjezltc47qhtipuj3b6m4m6lxvdjla43zwbg2yz24366u
PixelLegion #6,Latin,Halberd,Soldier,Wooden,Cross,Royal Blue,ipfs://bafkreiefuyfra6p2fwjk7evyrfqjqeetqutkbemeeucwplsxtvl2bb3g3m,"{'name': 'PixelLegion #6', 'description': 'This is Legionary #6 out of 100. PixelLegion is the NFT collection on the Polygon blockchain. Each of these 100 Legionaries has attributes that make them unique according to a defined rarity system.', 'image': 'ipfs://bafkreiefuyfra6p2fwjk7evyrfqjqeetqutkbemeeucwplsxtvl2bb3g3m', 'attributes': [{'trait_type': 'Body', 'value': 'Latin'}, {'trait_type': 'Weapon', 'value': 'Halberd'}, {'trait_type': 'Helmet', 'value': 'Soldier'}, {'trait_type': 'Shield', 'value': 'Wooden'}, {'trait_type': 'Pattern', 'value': 'Cross'}, {'trait_type': 'Color', 'value': 'Royal Blue'}]}",ipfs://bafkreicgrxag4cda5iht624fwkuakou6zphjib24vp64ouupcko45c2rne
PixelLegion #7,Catalan,Mace,Horned,Scutum,Bars,Royal Blue,ipfs://bafkreickw24leor7jzrk77e35vc4yt4vubh2sg2rurih2squowszaqajay,"{'name': 'PixelLegion #7', 'description': 'This is Legionary #7 out of 100. PixelLegion is the NFT collection on the Polygon blockchain. Each of these 100 Legionaries has attributes that make them unique according to a defined rarity system.', 'image': 'ipfs://bafkreickw24leor7jzrk77e35vc4yt4vubh2sg2rurih2squowszaqajay', 'attributes': [{'trait_type': 'Body', 'value': 'Catalan'}, {'trait_type': 'Weapon', 'value': 'Mace'}, {'trait_type': 'Helmet', 'value': 'Horned'}, {'trait_type': 'Shield', 'value': 'Scutum'}, {'trait_type': 'Pattern', 'value': 'Bars'}, {'trait_type': 'Color', 'value': 'Royal Blue'}]}",ipfs://bafkreiauwgav3wxfiqlxrmw26fnkfw3tufr5jagcgkijhgla2ibb4rinjq
PixelLegion #8,Latin,Axe,Soldier,Steel,War Symbol,Navy,ipfs://bafkreiaebj6hx75ddckouwzhhhq5qic4ejzfm4oakdzi7jivwslthy622u,"{'name': 'PixelLegion #8', 'description': 'This is Legionary #8 out of 100. PixelLegion is the NFT collection on the Polygon blockchain. Each of these 100 Legionaries has attributes that make them unique according to a defined rarity system.', 'image': 'ipfs://bafkreiaebj6hx75ddckouwzhhhq5qic4ejzfm4oakdzi7jivwslthy622u', 'attributes': [{'trait_type': 'Body', 'value': 'Latin'}, {'trait_type': 'Weapon', 'value': 'Axe'}, {'trait_type': 'Helmet', 'value': 'Soldier'}, {'trait_type': 'Shield', 'value': 'Steel'}, {'trait_type': 'Pattern', 'value': 'War Symbol'}, {'trait_type': 'Color', 'value': 'Navy'}]}",ipfs://bafkreicsn6spixb7zckonte5klteg6leneiy5diy2vf24w33tyaki7wg4q
PixelLegion #9,Latin,Sword,Centurion,Scutum,Marks,Gold,ipfs://bafkreibu5jjhgd62ojokm5bz37fkgzkjtfeda2vfk46pron5wh2qte6hsm,"{'name': 'PixelLegion #9', 'description': 'This is Legionary #9 out of 100. PixelLegion is the NFT collection on the Polygon blockchain. Each of these 100 Legionaries has attributes that make them unique according to a defined rarity system.', 'image': 'ipfs://bafkreibu5jjhgd62ojokm5bz37fkgzkjtfeda2vfk46pron5wh2qte6hsm', 'attributes': [{'trait_type': 'Body', 'value': 'Latin'}, {'trait_type': 'Weapon', 'value': 'Sword'}, {'trait_type': 'Helmet', 'value': 'Centurion'}, {'trait_type': 'Shield', 'value': 'Scutum'}, {'trait_type': 'Pattern', 'value': 'Marks'}, {'trait_type': 'Color', 'value': 'Gold'}]}",ipfs://bafkreihcg7mqjoraduoyqmyv3aryvxa3cchnronofe4vocehfd3raxd3wq
PixelLegion #10,Catalan,Pike,Soldier,Scutum,Bars,Golden Rod ,ipfs://bafkreihy6nrn7hig2ss7xzj5uzkh4v7xjhglnpm7tw4s2jsubspvqft5yq,"{'name': 'PixelLegion #10', 'description': 'This is Legionary #10 out of 100. PixelLegion is the NFT collection on the Polygon blockchain. Each of these 100 Legionaries has attributes that make them unique according to a defined rarity system.', 'image': 'ipfs://bafkreihy6nrn7hig2ss7xzj5uzkh4v7xjhglnpm7tw4s2jsubspvqft5yq', 'attributes': [{'trait_type': 'Body', 'value': 'Catalan'}, {'trait_type': 'Weapon', 'value': 'Pike'}, {'trait_type': 'Helmet', 'value': 'Soldier'}, {'trait_type': 'Shield', 'value': 'Scutum'}, {'trait_type': 'Pattern', 'value': 'Bars'}, {'trait_type': 'Color', 'value': 'Golden Rod '}]}",ipfs://bafkreihhi22eosl73ozyntuzanaurvuhc66u7llt4247rji32ddwhij2z4
PixelLegion #11,Catalan,Trident,Horned,Steel,Bars,Gold,ipfs://bafkreiff72cmhh7ggc2o5xqvgxibh5karvltlmft7z5lyfgaref4fdfprm,"{'name': 'PixelLegion #11', 'description': 'This is Legionary #11 out of 100. PixelLegion is the NFT collection on the Polygon blockchain. Each of these 100 Legionaries has attributes that make them unique according to a defined rarity system.', 'image': 'ipfs://bafkreiff72cmhh7ggc2o5xqvgxibh5karvltlmft7z5lyfgaref4fdfprm', 'attributes': [{'trait_type': 'Body', 'value': 'Catalan'}, {'trait_type': 'Weapon', 'value': 'Trident'}, {'trait_type': 'Helmet', 'value': 'Horned'}, {'trait_type': 'Shield', 'value': 'Steel'}, {'trait_type': 'Pattern', 'value': 'Bars'}, {'trait_type': 'Color', 'value': 'Gold'}]}",ipfs://bafkreigojjnp45yiioseghfnwcvmoh52dgob26dzowwapntobt7evxbjqu
PixelLegion #12,Latin,Halberd,Soldier,Scutum,Marks,DarkRed,ipfs://bafkreifupb53k667ij5kd3rcsk6zfwbtih4svjcqlx2jouufxzyyeaypn4,"{'name': 'PixelLegion #12', 'description': 'This is Legionary #12 out of 100. PixelLegion is the NFT collection on the Polygon blockchain. Each of these 100 Legionaries has attributes that make them unique according to a defined rarity system.', 'image': 'ipfs://bafkreifupb53k667ij5kd3rcsk6zfwbtih4svjcqlx2jouufxzyyeaypn4', 'attributes': [{'trait_type': 'Body', 'value': 'Latin'}, {'trait_type': 'Weapon', 'value': 'Halberd'}, {'trait_type': 'Helmet', 'value': 'Soldier'}, {'trait_type': 'Shield', 'value': 'Scutum'}, {'trait_type': 'Pattern', 'value': 'Marks'}, {'trait_type': 'Color', 'value': 'DarkRed'}]}",ipfs://bafkreigbzkpdkg5msifi3zgtcvrdph22guneqkcdjr6myfomukw35w4zpi
PixelLegion #13,Catalan,Halberd,Horned,Scutum,Bars,Black,ipfs://bafkreifqv5kuc4hnvp67domt6mmwlgl65rsb5xlcqglskr2d7zwad2q7y4,"{'name': 'PixelLegion #13', 'description': 'This is Legionary #13 out of 100. PixelLegion is the NFT collection on the Polygon blockchain. Each of these 100 Legionaries has attributes that make them unique according to a defined rarity system.', 'image': 'ipfs://bafkreifqv5kuc4hnvp67domt6mmwlgl65rsb5xlcqglskr2d7zwad2q7y4', 'attributes': [{'trait_type': 'Body', 'value': 'Catalan'}, {'trait_type': 'Weapon', 'value': 'Halberd'}, {'trait_type': 'Helmet', 'value': 'Horned'}, {'trait_type': 'Shield', 'value': 'Scutum'}, {'trait_type': 'Pattern', 'value': 'Bars'}, {'trait_type': 'Color', 'value': 'Black'}]}",ipfs://bafkreievjn5yrednc7pfuvhcxlhe6lekcj3e6mstwfsn2dor3opqud2cd4
PixelLegion #14,Latin,Halberd,Horned,Wooden,Cross,Dark Magenta,ipfs://bafkreihmlxsva4krv4f6zdsvjubenathyku4r7w2tilcx6ylwck2wbaway,"{'name': 'PixelLegion #14', 'description': 'This is Legionary #14 out of 100. PixelLegion is the NFT collection on the Polygon blockchain. Each of these 100 Legionaries has attributes that make them unique according to a defined rarity system.', 'image': 'ipfs://bafkreihmlxsva4krv4f6zdsvjubenathyku4r7w2tilcx6ylwck2wbaway', 'attributes': [{'trait_type': 'Body', 'value': 'Latin'}, {'trait_type': 'Weapon', 'value': 'Halberd'}, {'trait_type': 'Helmet', 'value': 'Horned'}, {'trait_type': 'Shield', 'value': 'Wooden'}, {'trait_type': 'Pattern', 'value': 'Cross'}, {'trait_type': 'Color', 'value': 'Dark Magenta'}]}",ipfs://bafkreidlomod3vw2ts7jvzcvx6x2zk4d322fiptnjoghriixzqoskmb7iy
PixelLegion #15,Latin,Halberd,Centurion,Scutum,Bars,Orange Red,ipfs://bafkreiaspphefochy3nofiiqlu4jlsouyp3nokg3miptxv73dyqpuvmz4a,"{'name': 'PixelLegion #15', 'description': 'This is Legionary #15 out of 100. PixelLegion is the NFT collection on the Polygon blockchain. Each of these 100 Legionaries has attributes that make them unique according to a defined rarity system.', 'image': 'ipfs://bafkreiaspphefochy3nofiiqlu4jlsouyp3nokg3miptxv73dyqpuvmz4a', 'attributes': [{'trait_type': 'Body', 'value': 'Latin'}, {'trait_type': 'Weapon', 'value': 'Halberd'}, {'trait_type': 'Helmet', 'value': 'Centurion'}, {'trait_type': 'Shield', 'value': 'Scutum'}, {'trait_type': 'Pattern', 'value': 'Bars'}, {'trait_type': 'Color', 'value': 'Orange Red'}]}",ipfs://bafkreift6bmq2sc3ud66mo6nfsoocgtgh2lo625om4ikog53dc56szwgxa
PixelLegion #16,Latin,Sword,Centurion,Wooden,V-mark,Navy,ipfs://bafkreiacr3jcqazsklbbisnvun7p6lqoxxci7qj2cmzj2jljnzzsmoruny,"{'name': 'PixelLegion #16', 'description': 'This is Legionary #16 out of 100. PixelLegion is the NFT collection on the Polygon blockchain. Each of these 100 Legionaries has attributes that make them unique according to a defined rarity system.', 'image': 'ipfs://bafkreiacr3jcqazsklbbisnvun7p6lqoxxci7qj2cmzj2jljnzzsmoruny', 'attributes': [{'trait_type': 'Body', 'value': 'Latin'}, {'trait_type': 'Weapon', 'value': 'Sword'}, {'trait_type': 'Helmet', 'value': 'Centurion'}, {'trait_type': 'Shield', 'value': 'Wooden'}, {'trait_type': 'Pattern', 'value': 'V-mark'}, {'trait_type': 'Color', 'value': 'Navy'}]}",ipfs://bafkreidlpthl53mywz46twcngmsblve7fkbcvne4zxqgbsjkgvfw4kl5ca
PixelLegion #17,Aethiopian,Sword,Horned,Steel,Bars,Gold,ipfs://bafkreidpeh5ahwfqsuxfo6lxdvt6tci35sphk6raosrkddu5n2xkej7tc4,"{'name': 'PixelLegion #17', 'description': 'This is Legionary #17 out of 100. PixelLegion is the NFT collection on the Polygon blockchain. Each of these 100 Legionaries has attributes that make them unique according to a defined rarity system.', 'image': 'ipfs://bafkreidpeh5ahwfqsuxfo6lxdvt6tci35sphk6raosrkddu5n2xkej7tc4', 'attributes': [{'trait_type': 'Body', 'value': 'Aethiopian'}, {'trait_type': 'Weapon', 'value': 'Sword'}, {'trait_type': 'Helmet', 'value': 'Horned'}, {'trait_type': 'Shield', 'value': 'Steel'}, {'trait_type': 'Pattern', 'value': 'Bars'}, {'trait_type': 'Color', 'value': 'Gold'}]}",ipfs://bafkreihhqsjpxht4x33ztqymz54liidb57gf3ohqfrywdygkvc6xdelcxy
PixelLegion #18,Aethiopian,Halberd,Soldier,Steel,Bars,DarkRed,ipfs://bafkreigsoe2e624er54uwlf5vrie44ze4xbrusjfctf56krw4bnvl2enrm,"{'name': 'PixelLegion #18', 'description': 'This is Legionary #18 out of 100. PixelLegion is the NFT collection on the Polygon blockchain. Each of these 100 Legionaries has attributes that make them unique according to a defined rarity system.', 'image': 'ipfs://bafkreigsoe2e624er54uwlf5vrie44ze4xbrusjfctf56krw4bnvl2enrm', 'attributes': [{'trait_type': 'Body', 'value': 'Aethiopian'}, {'trait_type': 'Weapon', 'value': 'Halberd'}, {'trait_type': 'Helmet', 'value': 'Soldier'}, {'trait_type': 'Shield', 'value': 'Steel'}, {'trait_type': 'Pattern', 'value': 'Bars'}, {'trait_type': 'Color', 'value': 'DarkRed'}]}",ipfs://bafkreibjxdt5xp2dqx4yla2oputvni7vh63tc672gwuogcvv645p5p2p5m
PixelLegion #19,Latin,Halberd,Horned,Wooden,V-mark,Dark Magenta,ipfs://bafkreidswhjpq6glbsq6jfa3j6qxsess7d3kqpqmxwbkrkbq6hv6vxgeo4,"{'name': 'PixelLegion #19', 'description': 'This is Legionary #19 out of 100. PixelLegion is the NFT collection on the Polygon blockchain. Each of these 100 Legionaries has attributes that make them unique according to a defined rarity system.', 'image': 'ipfs://bafkreidswhjpq6glbsq6jfa3j6qxsess7d3kqpqmxwbkrkbq6hv6vxgeo4', 'attributes': [{'trait_type': 'Body', 'value': 'Latin'}, {'trait_type': 'Weapon', 'value': 'Halberd'}, {'trait_type': 'Helmet', 'value': 'Horned'}, {'trait_type': 'Shield', 'value': 'Wooden'}, {'trait_type': 'Pattern', 'value': 'V-mark'}, {'trait_type': 'Color', 'value': 'Dark Magenta'}]}",ipfs://bafkreicheibnu6bapmyroqmaauqbomc53xbg2imvqmcwn2fwustmmr6oby
PixelLegion #20,Latin,Axe,Soldier,Wooden,V-mark,Black,ipfs://bafkreieqbqd5vsfteoxc4stsdwdkmorrt7mcfzet5g2ocfhw6yirijdpbu,"{'name': 'PixelLegion #20', 'description': 'This is Legionary #20 out of 100. PixelLegion is the NFT collection on the Polygon blockchain. Each of these 100 Legionaries has attributes that make them unique according to a defined rarity system.', 'image': 'ipfs://bafkreieqbqd5vsfteoxc4stsdwdkmorrt7mcfzet5g2ocfhw6yirijdpbu', 'attributes': [{'trait_type': 'Body', 'value': 'Latin'}, {'trait_type': 'Weapon', 'value': 'Axe'}, {'trait_type': 'Helmet', 'value': 'Soldier'}, {'trait_type': 'Shield', 'value': 'Wooden'}, {'trait_type': 'Pattern', 'value': 'V-mark'}, {'trait_type': 'Color', 'value': 'Black'}]}",ipfs://bafkreif7ce7555dqhklzgy5lpb6rmdodkjkghkq5jpo4xacshxntlvzb2m
PixelLegion #21,Catalan,Sword,Centurion,Scutum,Bars,Navy,ipfs://bafkreibpatxa2pr573lf2zwq4e7svoqasuhqelmolq4zudbd55ug4r2gyi,"{'name': 'PixelLegion #21', 'description': 'This is Legionary #21 out of 100. PixelLegion is the NFT collection on the Polygon blockchain. Each of these 100 Legionaries has attributes that make them unique according to a defined rarity system.', 'image': 'ipfs://bafkreibpatxa2pr573lf2zwq4e7svoqasuhqelmolq4zudbd55ug4r2gyi', 'attributes': [{'trait_type': 'Body', 'value': 'Catalan'}, {'trait_type': 'Weapon', 'value': 'Sword'}, {'trait_type': 'Helmet', 'value': 'Centurion'}, {'trait_type': 'Shield', 'value': 'Scutum'}, {'trait_type': 'Pattern', 'value': 'Bars'}, {'trait_type': 'Color', 'value': 'Navy'}]}",ipfs://bafkreifdq3y6xeoz6zbu6ab5vfotgj3a5jluem33qlaevdxwvthuh4v2ju
PixelLegion #22,Aethiopian,Pike,Soldier,Steel,Bars,Dark Green,ipfs://bafkreihjzhwdjy5gngdqg5ft5ggxutv2hq4bvrs4qxghyzpytogi7v4pg4,"{'name': 'PixelLegion #22', 'description': 'This is Legionary #22 out of 100. PixelLegion is the NFT collection on the Polygon blockchain. Each of these 100 Legionaries has attributes that make them unique according to a defined rarity system.', 'image': 'ipfs://bafkreihjzhwdjy5gngdqg5ft5ggxutv2hq4bvrs4qxghyzpytogi7v4pg4', 'attributes': [{'trait_type': 'Body', 'value': 'Aethiopian'}, {'trait_type': 'Weapon', 'value': 'Pike'}, {'trait_type': 'Helmet', 'value': 'Soldier'}, {'trait_type': 'Shield', 'value': 'Steel'}, {'trait_type': 'Pattern', 'value': 'Bars'}, {'trait_type': 'Color', 'value': 'Dark Green'}]}",ipfs://bafkreie45quieseivy4xxfhdfdc3pu3ymlfmvulu7qx3z6vtgttd2lwqcu
PixelLegion #23,Latin,Mace,Horned,Steel,War Symbol,Royal Blue,ipfs://bafkreif6xhetggj3e52z3rj3xiif43m7moyihhdv3ukpr66jjcscyv6pky,"{'name': 'PixelLegion #23', 'description': 'This is Legionary #23 out of 100. PixelLegion is the NFT collection on the Polygon blockchain. Each of these 100 Legionaries has attributes that make them unique according to a defined rarity system.', 'image': 'ipfs://bafkreif6xhetggj3e52z3rj3xiif43m7moyihhdv3ukpr66jjcscyv6pky', 'attributes': [{'trait_type': 'Body', 'value': 'Latin'}, {'trait_type': 'Weapon', 'value': 'Mace'}, {'trait_type': 'Helmet', 'value': 'Horned'}, {'trait_type': 'Shield', 'value': 'Steel'}, {'trait_type': 'Pattern', 'value': 'War Symbol'}, {'trait_type': 'Color', 'value': 'Royal Blue'}]}",ipfs://bafkreicahir3n7mw2ugqohnuw7h42ipiaidv5fgf6zsx4m6hig3bb2dqra
PixelLegion #24,Catalan,Halberd,Horned,Steel,War Symbol,Dark Green,ipfs://bafkreigsaunejf3ifwmhiog4oo36yldpcu5un3z3cvpzesmornf5cfiula,"{'name': 'PixelLegion #24', 'description': 'This is Legionary #24 out of 100. PixelLegion is the NFT collection on the Polygon blockchain. Each of these 100 Legionaries has attributes that make them unique according to a defined rarity system.', 'image': 'ipfs://bafkreigsaunejf3ifwmhiog4oo36yldpcu5un3z3cvpzesmornf5cfiula', 'attributes': [{'trait_type': 'Body', 'value': 'Catalan'}, {'trait_type': 'Weapon', 'value': 'Halberd'}, {'trait_type': 'Helmet', 'value': 'Horned'}, {'trait_type': 'Shield', 'value': 'Steel'}, {'trait_type': 'Pattern', 'value': 'War Symbol'}, {'trait_type': 'Color', 'value': 'Dark Green'}]}",ipfs://bafkreigatz5u33he4akuxxggvtdwc3yghuadpy2ajyfj63o2ooulq7zjy4
PixelLegion #25,Latin,Pike,Horned,Wooden,Cross,Gold,ipfs://bafkreibpfeq3mal5yavbqoorpz3a4bb4ddn7jqk2lgkhrf4qyx3qxzpumq,"{'name': 'PixelLegion #25', 'description': 'This is Legionary #25 out of 100. PixelLegion is the NFT collection on the Polygon blockchain. Each of these 100 Legionaries has attributes that make them unique according to a defined rarity system.', 'image': 'ipfs://bafkreibpfeq3mal5yavbqoorpz3a4bb4ddn7jqk2lgkhrf4qyx3qxzpumq', 'attributes': [{'trait_type': 'Body', 'value': 'Latin'}, {'trait_type': 'Weapon', 'value': 'Pike'}, {'trait_type': 'Helmet', 'value': 'Horned'}, {'trait_type': 'Shield', 'value': 'Wooden'}, {'trait_type': 'Pattern', 'value': 'Cross'}, {'trait_type': 'Color', 'value': 'Gold'}]}",ipfs://bafkreiegf2e5svhofecurs6gtrbdckojhjcg4vx57oa6ooakcesubrzrhu
PixelLegion #26,Latin,Sword,Soldier,Steel,War Symbol,Black,ipfs://bafkreigpsflg33jjiqq2x6rqa4xv4xbfesfku5ly5rckebrhbocofiynv4,"{'name': 'PixelLegion #26', 'description': 'This is Legionary #26 out of 100. PixelLegion is the NFT collection on the Polygon blockchain. Each of these 100 Legionaries has attributes that make them unique according to a defined rarity system.', 'image': 'ipfs://bafkreigpsflg33jjiqq2x6rqa4xv4xbfesfku5ly5rckebrhbocofiynv4', 'attributes': [{'trait_type': 'Body', 'value': 'Latin'}, {'trait_type': 'Weapon', 'value': 'Sword'}, {'trait_type': 'Helmet', 'value': 'Soldier'}, {'trait_type': 'Shield', 'value': 'Steel'}, {'trait_type': 'Pattern', 'value': 'War Symbol'}, {'trait_type': 'Color', 'value': 'Black'}]}",ipfs://bafkreic33yhxunkqfve6kptc2grwlagcpa2ylw7xgtmjnkfusc7vogp7qi
PixelLegion #27,Aethiopian,Halberd,Centurion,Scutum,Marks,Golden Rod ,ipfs://bafkreifztkb3xnekl4nxn44oxkyeycq4dk262akduwoesiztvefr2shkxi,"{'name': 'PixelLegion #27', 'description': 'This is Legionary #27 out of 100. PixelLegion is the NFT collection on the Polygon blockchain. Each of these 100 Legionaries has attributes that make them unique according to a defined rarity system.', 'image': 'ipfs://bafkreifztkb3xnekl4nxn44oxkyeycq4dk262akduwoesiztvefr2shkxi', 'attributes': [{'trait_type': 'Body', 'value': 'Aethiopian'}, {'trait_type': 'Weapon', 'value': 'Halberd'}, {'trait_type': 'Helmet', 'value': 'Centurion'}, {'trait_type': 'Shield', 'value': 'Scutum'}, {'trait_type': 'Pattern', 'value': 'Marks'}, {'trait_type': 'Color', 'value': 'Golden Rod '}]}",ipfs://bafkreih6x3v5tdsh5xxmjrr3euf7mcf2lhuo3fhffzlsu3u6qgacij66a4
PixelLegion #28,Aethiopian,Halberd,Soldier,Steel,War Symbol,Olive Drab,ipfs://bafkreictuzocskhjsqrizb3y6afjhhcqwhs3ufedqiq4qweudqp5b7wcfe,"{'name': 'PixelLegion #28', 'description': 'This is Legionary #28 out of 100. PixelLegion is the NFT collection on the Polygon blockchain. Each of these 100 Legionaries has attributes that make them unique according to a defined rarity system.', 'image': 'ipfs://bafkreictuzocskhjsqrizb3y6afjhhcqwhs3ufedqiq4qweudqp5b7wcfe', 'attributes': [{'trait_type': 'Body', 'value': 'Aethiopian'}, {'trait_type': 'Weapon', 'value': 'Halberd'}, {'trait_type': 'Helmet', 'value': 'Soldier'}, {'trait_type': 'Shield', 'value': 'Steel'}, {'trait_type': 'Pattern', 'value': 'War Symbol'}, {'trait_type': 'Color', 'value': 'Olive Drab'}]}",ipfs://bafkreieed4kvmzigrgpy52qbjxvfspojmch4be4vr264va6gnzs2mmlrtm
PixelLegion #29,Aethiopian,Trident,Soldier,Wooden,V-mark,Navy,ipfs://bafkreidnshxxsjke6jgk3wy3wj6edcoyix7xkd46nfxifdhq5kbilo65ki,"{'name': 'PixelLegion #29', 'description': 'This is Legionary #29 out of 100. PixelLegion is the NFT collection on the Polygon blockchain. Each of these 100 Legionaries has attributes that make them unique according to a defined rarity system.', 'image': 'ipfs://bafkreidnshxxsjke6jgk3wy3wj6edcoyix7xkd46nfxifdhq5kbilo65ki', 'attributes': [{'trait_type': 'Body', 'value': 'Aethiopian'}, {'trait_type': 'Weapon', 'value': 'Trident'}, {'trait_type': 'Helmet', 'value': 'Soldier'}, {'trait_type': 'Shield', 'value': 'Wooden'}, {'trait_type': 'Pattern', 'value': 'V-mark'}, {'trait_type': 'Color', 'value': 'Navy'}]}",ipfs://bafkreifgwe7tyg4njmhmnjhjervxtoogqhqjjz4igfqunwndypatabe3ci
PixelLegion #30,Catalan,Pike,Horned,Scutum,Bars,Gold,ipfs://bafkreidqtu7hfzobqr2ix2jwrb7n4bgfamncufeapxocn72rjdtbmgq47i,"{'name': 'PixelLegion #30', 'description': 'This is Legionary #30 out of 100. PixelLegion is the NFT collection on the Polygon blockchain. Each of these 100 Legionaries has attributes that make them unique according to a defined rarity system.', 'image': 'ipfs://bafkreidqtu7hfzobqr2ix2jwrb7n4bgfamncufeapxocn72rjdtbmgq47i', 'attributes': [{'trait_type': 'Body', 'value': 'Catalan'}, {'trait_type': 'Weapon', 'value': 'Pike'}, {'trait_type': 'Helmet', 'value': 'Horned'}, {'trait_type': 'Shield', 'value': 'Scutum'}, {'trait_type': 'Pattern', 'value': 'Bars'}, {'trait_type': 'Color', 'value': 'Gold'}]}",ipfs://bafkreicquhk3odgywkzputezwenun77rbtxtezvuzrac4tbrdazydpsssq
PixelLegion #31,Latin,Mace,Soldier,Scutum,Bars,Orange Red,ipfs://bafkreigv64btdolr62kdxy6b2hqqhvn2asowldqvwywctue3ua6ejj3ilu,"{'name': 'PixelLegion #31', 'description': 'This is Legionary #31 out of 100. PixelLegion is the NFT collection on the Polygon blockchain. Each of these 100 Legionaries has attributes that make them unique according to a defined rarity system.', 'image': 'ipfs://bafkreigv64btdolr62kdxy6b2hqqhvn2asowldqvwywctue3ua6ejj3ilu', 'attributes': [{'trait_type': 'Body', 'value': 'Latin'}, {'trait_type': 'Weapon', 'value': 'Mace'}, {'trait_type': 'Helmet', 'value': 'Soldier'}, {'trait_type': 'Shield', 'value': 'Scutum'}, {'trait_type': 'Pattern', 'value': 'Bars'}, {'trait_type': 'Color', 'value': 'Orange Red'}]}",ipfs://bafkreiffjjq3yx2grjxeitdnwlkm6f2f6wl4ji336yl3dnsnvpg5go3hzi
PixelLegion #32,Catalan,Axe,Soldier,Wooden,Cross,Navy,ipfs://bafkreiegvclvwmnbbnsvwoektla7yexmm7ozh3mc255ikyogfu5h7ai6uu,"{'name': 'PixelLegion #32', 'description': 'This is Legionary #32 out of 100. PixelLegion is the NFT collection on the Polygon blockchain. Each of these 100 Legionaries has attributes that make them unique according to a defined rarity system.', 'image': 'ipfs://bafkreiegvclvwmnbbnsvwoektla7yexmm7ozh3mc255ikyogfu5h7ai6uu', 'attributes': [{'trait_type': 'Body', 'value': 'Catalan'}, {'trait_type': 'Weapon', 'value': 'Axe'}, {'trait_type': 'Helmet', 'value': 'Soldier'}, {'trait_type': 'Shield', 'value': 'Wooden'}, {'trait_type': 'Pattern', 'value': 'Cross'}, {'trait_type': 'Color', 'value': 'Navy'}]}",ipfs://bafkreigmwbpakrzkmyfoe7y2yxvp2unohsqhodpwygdcpyclu7ugihy6yi
PixelLegion #33,Catalan,Axe,Horned,Scutum,Bars,Royal Blue,ipfs://bafkreicdjjl6wu4v4lqgs63voatdxflxrzew66suz6hwrh2zgq7y5hwp2i,"{'name': 'PixelLegion #33', 'description': 'This is Legionary #33 out of 100. PixelLegion is the NFT collection on the Polygon blockchain. Each of these 100 Legionaries has attributes that make them unique according to a defined rarity system.', 'image': 'ipfs://bafkreicdjjl6wu4v4lqgs63voatdxflxrzew66suz6hwrh2zgq7y5hwp2i', 'attributes': [{'trait_type': 'Body', 'value': 'Catalan'}, {'trait_type': 'Weapon', 'value': 'Axe'}, {'trait_type': 'Helmet', 'value': 'Horned'}, {'trait_type': 'Shield', 'value': 'Scutum'}, {'trait_type': 'Pattern', 'value': 'Bars'}, {'trait_type': 'Color', 'value': 'Royal Blue'}]}",ipfs://bafkreihnqdwowzgfd3uq4tv272srfzoau3rl4hdvwa4vi6pftist54wo34
PixelLegion #34,Latin,Halberd,Centurion,Wooden,Cross,Black,ipfs://bafkreibsec2kxeoyfmc2azylx7ijqfs2lxmt6oeaxuyw5w4a6gc3ef65da,"{'name': 'PixelLegion #34', 'description': 'This is Legionary #34 out of 100. PixelLegion is the NFT collection on the Polygon blockchain. Each of these 100 Legionaries has attributes that make them unique according to a defined rarity system.', 'image': 'ipfs://bafkreibsec2kxeoyfmc2azylx7ijqfs2lxmt6oeaxuyw5w4a6gc3ef65da', 'attributes': [{'trait_type': 'Body', 'value': 'Latin'}, {'trait_type': 'Weapon', 'value': 'Halberd'}, {'trait_type': 'Helmet', 'value': 'Centurion'}, {'trait_type': 'Shield', 'value': 'Wooden'}, {'trait_type': 'Pattern', 'value': 'Cross'}, {'trait_type': 'Color', 'value': 'Black'}]}",ipfs://bafkreicwppdyhw7ruy36fvxy3e5y3ll3nxh6dnbkvl63l6fi5xxpvronmu
PixelLegion #35,Catalan,Axe,Horned,Steel,War Symbol,Crimson,ipfs://bafkreifvsio6gyp44xm6vbiydidm5zb5vvoyr3tjb5h54dsxoocohyjpsu,"{'name': 'PixelLegion #35', 'description': 'This is Legionary #35 out of 100. PixelLegion is the NFT collection on the Polygon blockchain. Each of these 100 Legionaries has attributes that make them unique according to a defined rarity system.', 'image': 'ipfs://bafkreifvsio6gyp44xm6vbiydidm5zb5vvoyr3tjb5h54dsxoocohyjpsu', 'attributes': [{'trait_type': 'Body', 'value': 'Catalan'}, {'trait_type': 'Weapon', 'value': 'Axe'}, {'trait_type': 'Helmet', 'value': 'Horned'}, {'trait_type': 'Shield', 'value': 'Steel'}, {'trait_type': 'Pattern', 'value': 'War Symbol'}, {'trait_type': 'Color', 'value': 'Crimson'}]}",ipfs://bafkreihwsew43iwvjqdrg6hgpescidqyatgm5wiux6h2smt5jvi6iun3x4
PixelLegion #36,Latin,Mace,Horned,Scutum,Bars,Orange Red,ipfs://bafkreickhg2disi7aexwpfbjdadrilyrfmu3sm3xodg76dlaizxq34qyne,"{'name': 'PixelLegion #36', 'description': 'This is Legionary #36 out of 100. PixelLegion is the NFT collection on the Polygon blockchain. Each of these 100 Legionaries has attributes that make them unique according to a defined rarity system.', 'image': 'ipfs://bafkreickhg2disi7aexwpfbjdadrilyrfmu3sm3xodg76dlaizxq34qyne', 'attributes': [{'trait_type': 'Body', 'value': 'Latin'}, {'trait_type': 'Weapon', 'value': 'Mace'}, {'trait_type': 'Helmet', 'value': 'Horned'}, {'trait_type': 'Shield', 'value': 'Scutum'}, {'trait_type': 'Pattern', 'value': 'Bars'}, {'trait_type': 'Color', 'value': 'Orange Red'}]}",ipfs://bafkreidckjpyjovz2i7jae6lz6ruzs7rsoe35pivvweswddy5bi3e6ra3e
PixelLegion #37,Catalan,Halberd,Soldier,Wooden,Cross,Orange Red,ipfs://bafkreiagczmpthlxsefhgyg4v5765y2npym5jjgofijnaqkktmys5u523i,"{'name': 'PixelLegion #37', 'description': 'This is Legionary #37 out of 100. PixelLegion is the NFT collection on the Polygon blockchain. Each of these 100 Legionaries has attributes that make them unique according to a defined rarity system.', 'image': 'ipfs://bafkreiagczmpthlxsefhgyg4v5765y2npym5jjgofijnaqkktmys5u523i', 'attributes': [{'trait_type': 'Body', 'value': 'Catalan'}, {'trait_type': 'Weapon', 'value': 'Halberd'}, {'trait_type': 'Helmet', 'value': 'Soldier'}, {'trait_type': 'Shield', 'value': 'Wooden'}, {'trait_type': 'Pattern', 'value': 'Cross'}, {'trait_type': 'Color', 'value': 'Orange Red'}]}",ipfs://bafkreihydvxw76plcmelldmegrnegcx6cczv3dw3m2jvie6hmmketrwlv4
PixelLegion #38,Latin,Halberd,Soldier,Steel,War Symbol,Orange Red,ipfs://bafkreibcbftvkuov7lojx4yggtqhowgwmzyo666zygpnawmxoviwjoi3ai,"{'name': 'PixelLegion #38', 'description': 'This is Legionary #38 out of 100. PixelLegion is the NFT collection on the Polygon blockchain. Each of these 100 Legionaries has attributes that make them unique according to a defined rarity system.', 'image': 'ipfs://bafkreibcbftvkuov7lojx4yggtqhowgwmzyo666zygpnawmxoviwjoi3ai', 'attributes': [{'trait_type': 'Body', 'value': 'Latin'}, {'trait_type': 'Weapon', 'value': 'Halberd'}, {'trait_type': 'Helmet', 'value': 'Soldier'}, {'trait_type': 'Shield', 'value': 'Steel'}, {'trait_type': 'Pattern', 'value': 'War Symbol'}, {'trait_type': 'Color', 'value': 'Orange Red'}]}",ipfs://bafkreibbpyt2rkxemljfi4sb4mq2mx5gy4prcx3gutgjahqifk6vqlbkgu
PixelLegion #39,Latin,Sword,Horned,Steel,Bars,Black,ipfs://bafkreigta22xtki6zezxebzhuwji32ko5jcsop5jgstx7r3lhisliwlvtq,"{'name': 'PixelLegion #39', 'description': 'This is Legionary #39 out of 100. PixelLegion is the NFT collection on the Polygon blockchain. Each of these 100 Legionaries has attributes that make them unique according to a defined rarity system.', 'image': 'ipfs://bafkreigta22xtki6zezxebzhuwji32ko5jcsop5jgstx7r3lhisliwlvtq', 'attributes': [{'trait_type': 'Body', 'value': 'Latin'}, {'trait_type': 'Weapon', 'value': 'Sword'}, {'trait_type': 'Helmet', 'value': 'Horned'}, {'trait_type': 'Shield', 'value': 'Steel'}, {'trait_type': 'Pattern', 'value': 'Bars'}, {'trait_type': 'Color', 'value': 'Black'}]}",ipfs://bafkreia4oyxvf3c3eoa4odanjufp5sfnijh4lrxgbbdcnogbny4yd3yzzq
PixelLegion #40,Latin,Trident,Centurion,Wooden,Cross,Orange Red,ipfs://bafkreihn22zuddy6unayrxb7h3dafyak2fchgukqc2kuwbn7fjss7kdzxy,"{'name': 'PixelLegion #40', 'description': 'This is Legionary #40 out of 100. PixelLegion is the NFT collection on the Polygon blockchain. Each of these 100 Legionaries has attributes that make them unique according to a defined rarity system.', 'image': 'ipfs://bafkreihn22zuddy6unayrxb7h3dafyak2fchgukqc2kuwbn7fjss7kdzxy', 'attributes': [{'trait_type': 'Body', 'value': 'Latin'}, {'trait_type': 'Weapon', 'value': 'Trident'}, {'trait_type': 'Helmet', 'value': 'Centurion'}, {'trait_type': 'Shield', 'value': 'Wooden'}, {'trait_type': 'Pattern', 'value': 'Cross'}, {'trait_type': 'Color', 'value': 'Orange Red'}]}",ipfs://bafkreib2diz2olqua7x7zfrice7gr3vq4hc6pjmtldpo6ptujuc6vfwxy4
PixelLegion #41,Catalan,Mace,Centurion,Scutum,Marks,Royal Blue,ipfs://bafkreic4kro4lemu7lx6s3l46klxwetgd3qhu75av4hdfwsfg36fiyoblq,"{'name': 'PixelLegion #41', 'description': 'This is Legionary #41 out of 100. PixelLegion is the NFT collection on the Polygon blockchain. Each of these 100 Legionaries has attributes that make them unique according to a defined rarity system.', 'image': 'ipfs://bafkreic4kro4lemu7lx6s3l46klxwetgd3qhu75av4hdfwsfg36fiyoblq', 'attributes': [{'trait_type': 'Body', 'value': 'Catalan'}, {'trait_type': 'Weapon', 'value': 'Mace'}, {'trait_type': 'Helmet', 'value': 'Centurion'}, {'trait_type': 'Shield', 'value': 'Scutum'}, {'trait_type': 'Pattern', 'value': 'Marks'}, {'trait_type': 'Color', 'value': 'Royal Blue'}]}",ipfs://bafkreidg25dqfge5jxpjv5rlkqq2rjvigvcuc64q2fmmuxpbpu3trftpke
PixelLegion #42,Latin,Sword,Horned,Wooden,Cross,Olive Drab,ipfs://bafkreih4caemsdzwrjecx5k3cl6yce4kkan46fxtujguojjuyixq5ppyuu,"{'name': 'PixelLegion #42', 'description': 'This is Legionary #42 out of 100. PixelLegion is the NFT collection on the Polygon blockchain. Each of these 100 Legionaries has attributes that make them unique according to a defined rarity system.', 'image': 'ipfs://bafkreih4caemsdzwrjecx5k3cl6yce4kkan46fxtujguojjuyixq5ppyuu', 'attributes': [{'trait_type': 'Body', 'value': 'Latin'}, {'trait_type': 'Weapon', 'value': 'Sword'}, {'trait_type': 'Helmet', 'value': 'Horned'}, {'trait_type': 'Shield', 'value': 'Wooden'}, {'trait_type': 'Pattern', 'value': 'Cross'}, {'trait_type': 'Color', 'value': 'Olive Drab'}]}",ipfs://bafkreiga526stfvj4es2ydau3iq5r3onxrxh37asn22rektazw25viqi4e
PixelLegion #43,Aethiopian,Sword,Horned,Wooden,V-mark,Dark Green,ipfs://bafkreigrfd7pyk4xfeovzeiv2b27ikhik56lfwvev34sj4hnlspevduyri,"{'name': 'PixelLegion #43', 'description': 'This is Legionary #43 out of 100. PixelLegion is the NFT collection on the Polygon blockchain. Each of these 100 Legionaries has attributes that make them unique according to a defined rarity system.', 'image': 'ipfs://bafkreigrfd7pyk4xfeovzeiv2b27ikhik56lfwvev34sj4hnlspevduyri', 'attributes': [{'trait_type': 'Body', 'value': 'Aethiopian'}, {'trait_type': 'Weapon', 'value': 'Sword'}, {'trait_type': 'Helmet', 'value': 'Horned'}, {'trait_type': 'Shield', 'value': 'Wooden'}, {'trait_type': 'Pattern', 'value': 'V-mark'}, {'trait_type': 'Color', 'value': 'Dark Green'}]}",ipfs://bafkreigguhr5d5g7z2xoo6iigc5nxkb6zkpfu5fl5keuu3k53azc2knzc4
PixelLegion #44,Latin,Pike,Centurion,Steel,War Symbol,Navy,ipfs://bafkreif6tbdtuq4eymqiirvu62x4ljhslacikdpc5wexeklsyqlkjry3ay,"{'name': 'PixelLegion #44', 'description': 'This is Legionary #44 out of 100. PixelLegion is the NFT collection on the Polygon blockchain. Each of these 100 Legionaries has attributes that make them unique according to a defined rarity system.', 'image': 'ipfs://bafkreif6tbdtuq4eymqiirvu62x4ljhslacikdpc5wexeklsyqlkjry3ay', 'attributes': [{'trait_type': 'Body', 'value': 'Latin'}, {'trait_type': 'Weapon', 'value': 'Pike'}, {'trait_type': 'Helmet', 'value': 'Centurion'}, {'trait_type': 'Shield', 'value': 'Steel'}, {'trait_type': 'Pattern', 'value': 'War Symbol'}, {'trait_type': 'Color', 'value': 'Navy'}]}",ipfs://bafkreifjp6smwm22ewwfa2snusw5ovougiep7r7253b2xm7vfadi7u57bu
PixelLegion #45,Aethiopian,Pike,Horned,Scutum,Bars,Crimson,ipfs://bafkreie3hbhugn3cfezfnvtosjmkgtzp73a6kshy2cf2476fftxmze6hs4,"{'name': 'PixelLegion #45', 'description': 'This is Legionary #45 out of 100. PixelLegion is the NFT collection on the Polygon blockchain. Each of these 100 Legionaries has attributes that make them unique according to a defined rarity system.', 'image': 'ipfs://bafkreie3hbhugn3cfezfnvtosjmkgtzp73a6kshy2cf2476fftxmze6hs4', 'attributes': [{'trait_type': 'Body', 'value': 'Aethiopian'}, {'trait_type': 'Weapon', 'value': 'Pike'}, {'trait_type': 'Helmet', 'value': 'Horned'}, {'trait_type': 'Shield', 'value': 'Scutum'}, {'trait_type': 'Pattern', 'value': 'Bars'}, {'trait_type': 'Color', 'value': 'Crimson'}]}",ipfs://bafkreih4shpxknggz2josgibtzs7fpzm35weyqhppqqu76ss2ks6545iwe
PixelLegion #46,Latin,Halberd,Horned,Wooden,V-mark,Royal Blue,ipfs://bafkreiaogxnnzjfiejtdyl2vxgoqytppvlgyvj5vyjvry3df4c56jmpn74,"{'name': 'PixelLegion #46', 'description': 'This is Legionary #46 out of 100. PixelLegion is the NFT collection on the Polygon blockchain. Each of these 100 Legionaries has attributes that make them unique according to a defined rarity system.', 'image': 'ipfs://bafkreiaogxnnzjfiejtdyl2vxgoqytppvlgyvj5vyjvry3df4c56jmpn74', 'attributes': [{'trait_type': 'Body', 'value': 'Latin'}, {'trait_type': 'Weapon', 'value': 'Halberd'}, {'trait_type': 'Helmet', 'value': 'Horned'}, {'trait_type': 'Shield', 'value': 'Wooden'}, {'trait_type': 'Pattern', 'value': 'V-mark'}, {'trait_type': 'Color', 'value': 'Royal Blue'}]}",ipfs://bafkreibjjayd6wu7ubqadynclq2lz57cngoam4jycfd5g7c7m5dvm6ji5e
PixelLegion #47,Catalan,Axe,Soldier,Scutum,Bars,Gold,ipfs://bafkreicrpwxwgevatyncoxotfjokghertqtmbeq5r6af42kpohazru3xtm,"{'name': 'PixelLegion #47', 'description': 'This is Legionary #47 out of 100. PixelLegion is the NFT collection on the Polygon blockchain. Each of these 100 Legionaries has attributes that make them unique according to a defined rarity system.', 'image': 'ipfs://bafkreicrpwxwgevatyncoxotfjokghertqtmbeq5r6af42kpohazru3xtm', 'attributes': [{'trait_type': 'Body', 'value': 'Catalan'}, {'trait_type': 'Weapon', 'value': 'Axe'}, {'trait_type': 'Helmet', 'value': 'Soldier'}, {'trait_type': 'Shield', 'value': 'Scutum'}, {'trait_type': 'Pattern', 'value': 'Bars'}, {'trait_type': 'Color', 'value': 'Gold'}]}",ipfs://bafkreidels44wp7eucikpmafrd5qqhs5aivk7oijj6n2xprr355jihuite
PixelLegion #48,Catalan,Pike,Centurion,Scutum,Marks,Dark Green,ipfs://bafkreigdip4ciccrd5hrkjjhnodhbwxghczt4rewcwg7i5tnbwp64sdpn4,"{'name': 'PixelLegion #48', 'description': 'This is Legionary #48 out of 100. PixelLegion is the NFT collection on the Polygon blockchain. Each of these 100 Legionaries has attributes that make them unique according to a defined rarity system.', 'image': 'ipfs://bafkreigdip4ciccrd5hrkjjhnodhbwxghczt4rewcwg7i5tnbwp64sdpn4', 'attributes': [{'trait_type': 'Body', 'value': 'Catalan'}, {'trait_type': 'Weapon', 'value': 'Pike'}, {'trait_type': 'Helmet', 'value': 'Centurion'}, {'trait_type': 'Shield', 'value': 'Scutum'}, {'trait_type': 'Pattern', 'value': 'Marks'}, {'trait_type': 'Color', 'value': 'Dark Green'}]}",ipfs://bafkreigzibunudyp5mwkql6w2oio23h3d6ycu37gqum25apihdpj6gzkgm
PixelLegion #49,Catalan,Pike,Horned,Scutum,Bars,Dark Green,ipfs://bafkreigdedlg7p2kdegxsf7fxzjuqale4nwrz3ajirgvvzycm7f7bsn6pa,"{'name': 'PixelLegion #49', 'description': 'This is Legionary #49 out of 100. PixelLegion is the NFT collection on the Polygon blockchain. Each of these 100 Legionaries has attributes that make them unique according to a defined rarity system.', 'image': 'ipfs://bafkreigdedlg7p2kdegxsf7fxzjuqale4nwrz3ajirgvvzycm7f7bsn6pa', 'attributes': [{'trait_type': 'Body', 'value': 'Catalan'}, {'trait_type': 'Weapon', 'value': 'Pike'}, {'trait_type': 'Helmet', 'value': 'Horned'}, {'trait_type': 'Shield', 'value': 'Scutum'}, {'trait_type': 'Pattern', 'value': 'Bars'}, {'trait_type': 'Color', 'value': 'Dark Green'}]}",ipfs://bafkreifemaf6ns2roh4uqwgiytxr45owiiozye3lhdtz2dmtuh2jpszjdm
PixelLegion #50,Aethiopian,Pike,Horned,Scutum,Bars,Black,ipfs://bafkreiakb3ljbjlgzyynwafuk36zj65m2ek3vopggowohow2qxdyza52fm,"{'name': 'PixelLegion #50', 'description': 'This is Legionary #50 out of 100. PixelLegion is the NFT collection on the Polygon blockchain. Each of these 100 Legionaries has attributes that make them unique according to a defined rarity system.', 'image': 'ipfs://bafkreiakb3ljbjlgzyynwafuk36zj65m2ek3vopggowohow2qxdyza52fm', 'attributes': [{'trait_type': 'Body', 'value': 'Aethiopian'}, {'trait_type': 'Weapon', 'value': 'Pike'}, {'trait_type': 'Helmet', 'value': 'Horned'}, {'trait_type': 'Shield', 'value': 'Scutum'}, {'trait_type': 'Pattern', 'value': 'Bars'}, {'trait_type': 'Color', 'value': 'Black'}]}",ipfs://bafkreiht5zurksmprtsutmkz4hvawblnddgo7ala3zm2tcbjgvdff5srui
PixelLegion #51,Latin,Trident,Soldier,Steel,War Symbol,Gold,ipfs://bafkreicufmwe34trkkdtkozn6rcagidnr4ghdkoymogs7pakatyf6qviya,"{'name': 'PixelLegion #51', 'description': 'This is Legionary #51 out of 100. PixelLegion is the NFT collection on the Polygon blockchain. Each of these 100 Legionaries has attributes that make them unique according to a defined rarity system.', 'image': 'ipfs://bafkreicufmwe34trkkdtkozn6rcagidnr4ghdkoymogs7pakatyf6qviya', 'attributes': [{'trait_type': 'Body', 'value': 'Latin'}, {'trait_type': 'Weapon', 'value': 'Trident'}, {'trait_type': 'Helmet', 'value': 'Soldier'}, {'trait_type': 'Shield', 'value': 'Steel'}, {'trait_type': 'Pattern', 'value': 'War Symbol'}, {'trait_type': 'Color', 'value': 'Gold'}]}",ipfs://bafkreicti6vik7ynan2l66ludodgejfdeflo4qku76c5b2o3nql2vtgrem
PixelLegion #52,Catalan,Mace,Centurion,Wooden,Cross,DarkRed,ipfs://bafkreia7e6r2wd7zovvgko3gjxjst7egc2repqnem7ng3uhxhhkud5w4qu,"{'name': 'PixelLegion #52', 'description': 'This is Legionary #52 out of 100. PixelLegion is the NFT collection on the Polygon blockchain. Each of these 100 Legionaries has attributes that make them unique according to a defined rarity system.', 'image': 'ipfs://bafkreia7e6r2wd7zovvgko3gjxjst7egc2repqnem7ng3uhxhhkud5w4qu', 'attributes': [{'trait_type': 'Body', 'value': 'Catalan'}, {'trait_type': 'Weapon', 'value': 'Mace'}, {'trait_type': 'Helmet', 'value': 'Centurion'}, {'trait_type': 'Shield', 'value': 'Wooden'}, {'trait_type': 'Pattern', 'value': 'Cross'}, {'trait_type': 'Color', 'value': 'DarkRed'}]}",ipfs://bafkreifpu3i55quj3iug3rzny7jqz7y5l7qzeuneor3disqfmi2qnlhqwq
PixelLegion #53,Latin,Axe,Horned,Wooden,V-mark,Navy,ipfs://bafkreib2xbbkgfiht6rvxeo44h6zbmziojrmadndokayc5y5f72gdft2py,"{'name': 'PixelLegion #53', 'description': 'This is Legionary #53 out of 100. PixelLegion is the NFT collection on the Polygon blockchain. Each of these 100 Legionaries has attributes that make them unique according to a defined rarity system.', 'image': 'ipfs://bafkreib2xbbkgfiht6rvxeo44h6zbmziojrmadndokayc5y5f72gdft2py', 'attributes': [{'trait_type': 'Body', 'value': 'Latin'}, {'trait_type': 'Weapon', 'value': 'Axe'}, {'trait_type': 'Helmet', 'value': 'Horned'}, {'trait_type': 'Shield', 'value': 'Wooden'}, {'trait_type': 'Pattern', 'value': 'V-mark'}, {'trait_type': 'Color', 'value': 'Navy'}]}",ipfs://bafkreidmbhqyldeknlmhdemfhd5tlql4azltnf2lhtekwcks3xikjp7mxq
PixelLegion #54,Latin,Halberd,Soldier,Steel,War Symbol,Royal Blue,ipfs://bafkreiczi6bly3tmggbnhutjiti4k7o352uqtwwroglke247ydx5km5rx4,"{'name': 'PixelLegion #54', 'description': 'This is Legionary #54 out of 100. PixelLegion is the NFT collection on the Polygon blockchain. Each of these 100 Legionaries has attributes that make them unique according to a defined rarity system.', 'image': 'ipfs://bafkreiczi6bly3tmggbnhutjiti4k7o352uqtwwroglke247ydx5km5rx4', 'attributes': [{'trait_type': 'Body', 'value': 'Latin'}, {'trait_type': 'Weapon', 'value': 'Halberd'}, {'trait_type': 'Helmet', 'value': 'Soldier'}, {'trait_type': 'Shield', 'value': 'Steel'}, {'trait_type': 'Pattern', 'value': 'War Symbol'}, {'trait_type': 'Color', 'value': 'Royal Blue'}]}",ipfs://bafkreihewnyoe7cpdm24laplk26c4ucjnnqqphq5szbfy4tpegojsr2gp4
PixelLegion #55,Latin,Sword,Soldier,Steel,War Symbol,Olive Drab,ipfs://bafkreig73a6r52mm6olyuce5fmntaugcghniv5vjmvfeuogfeoil765bu4,"{'name': 'PixelLegion #55', 'description': 'This is Legionary #55 out of 100. PixelLegion is the NFT collection on the Polygon blockchain. Each of these 100 Legionaries has attributes that make them unique according to a defined rarity system.', 'image': 'ipfs://bafkreig73a6r52mm6olyuce5fmntaugcghniv5vjmvfeuogfeoil765bu4', 'attributes': [{'trait_type': 'Body', 'value': 'Latin'}, {'trait_type': 'Weapon', 'value': 'Sword'}, {'trait_type': 'Helmet', 'value': 'Soldier'}, {'trait_type': 'Shield', 'value': 'Steel'}, {'trait_type': 'Pattern', 'value': 'War Symbol'}, {'trait_type': 'Color', 'value': 'Olive Drab'}]}",ipfs://bafkreifsu3zm56hfqyzhvxbya6jcf44sz6luxzzobashrofigz6slq6wqa
PixelLegion #56,Aethiopian,Axe,Centurion,Scutum,Bars,Golden Rod ,ipfs://bafkreiavna4l6zrn5zit5xcysokxzeyq2t7dsphqdu5nhb5sfae4vkekuq,"{'name': 'PixelLegion #56', 'description': 'This is Legionary #56 out of 100. PixelLegion is the NFT collection on the Polygon blockchain. Each of these 100 Legionaries has attributes that make them unique according to a defined rarity system.', 'image': 'ipfs://bafkreiavna4l6zrn5zit5xcysokxzeyq2t7dsphqdu5nhb5sfae4vkekuq', 'attributes': [{'trait_type': 'Body', 'value': 'Aethiopian'}, {'trait_type': 'Weapon', 'value': 'Axe'}, {'trait_type': 'Helmet', 'value': 'Centurion'}, {'trait_type': 'Shield', 'value': 'Scutum'}, {'trait_type': 'Pattern', 'value': 'Bars'}, {'trait_type': 'Color', 'value': 'Golden Rod '}]}",ipfs://bafkreiartcafjj7datr44hp2kvhd4lvoumtxvu7pp6g7cyujyc6kqubjqm
PixelLegion #57,Aethiopian,Mace,Horned,Steel,Bars,DarkRed,ipfs://bafkreibtsu3lfwu664ovaixubctk42biayaut76qetkfww3sk4n6gcctzy,"{'name': 'PixelLegion #57', 'description': 'This is Legionary #57 out of 100. PixelLegion is the NFT collection on the Polygon blockchain. Each of these 100 Legionaries has attributes that make them unique according to a defined rarity system.', 'image': 'ipfs://bafkreibtsu3lfwu664ovaixubctk42biayaut76qetkfww3sk4n6gcctzy', 'attributes': [{'trait_type': 'Body', 'value': 'Aethiopian'}, {'trait_type': 'Weapon', 'value': 'Mace'}, {'trait_type': 'Helmet', 'value': 'Horned'}, {'trait_type': 'Shield', 'value': 'Steel'}, {'trait_type': 'Pattern', 'value': 'Bars'}, {'trait_type': 'Color', 'value': 'DarkRed'}]}",ipfs://bafkreihkuxwcygclabt24fjd35zynina5qdekovew4owaev3ca74gxn6p4
PixelLegion #58,Catalan,Pike,Horned,Steel,War Symbol,Royal Blue,ipfs://bafkreicq7obiyph52iei2tj3hm6wed5nxzh744rxhr2ehhostbgo5qfvd4,"{'name': 'PixelLegion #58', 'description': 'This is Legionary #58 out of 100. PixelLegion is the NFT collection on the Polygon blockchain. Each of these 100 Legionaries has attributes that make them unique according to a defined rarity system.', 'image': 'ipfs://bafkreicq7obiyph52iei2tj3hm6wed5nxzh744rxhr2ehhostbgo5qfvd4', 'attributes': [{'trait_type': 'Body', 'value': 'Catalan'}, {'trait_type': 'Weapon', 'value': 'Pike'}, {'trait_type': 'Helmet', 'value': 'Horned'}, {'trait_type': 'Shield', 'value': 'Steel'}, {'trait_type': 'Pattern', 'value': 'War Symbol'}, {'trait_type': 'Color', 'value': 'Royal Blue'}]}",ipfs://bafkreid2ogdwxsgkyh4f635t2772xpnci5iy4n6nsyvlgzo6wqhyj363oe
PixelLegion #59,Aethiopian,Halberd,Soldier,Steel,Bars,Golden Rod ,ipfs://bafkreifkojam4tnz364z4cx5kfaukuhlnyjd3fbanpro3pepee7sgazz2u,"{'name': 'PixelLegion #59', 'description': 'This is Legionary #59 out of 100. PixelLegion is the NFT collection on the Polygon blockchain. Each of these 100 Legionaries has attributes that make them unique according to a defined rarity system.', 'image': 'ipfs://bafkreifkojam4tnz364z4cx5kfaukuhlnyjd3fbanpro3pepee7sgazz2u', 'attributes': [{'trait_type': 'Body', 'value': 'Aethiopian'}, {'trait_type': 'Weapon', 'value': 'Halberd'}, {'trait_type': 'Helmet', 'value': 'Soldier'}, {'trait_type': 'Shield', 'value': 'Steel'}, {'trait_type': 'Pattern', 'value': 'Bars'}, {'trait_type': 'Color', 'value': 'Golden Rod '}]}",ipfs://bafkreiay4bz5wlhbwsps2rd2l6zg3k63ixiii3qjxjedytzi2y2zx5ngrq
PixelLegion #60,Aethiopian,Axe,Centurion,Scutum,Marks,Dark Green,ipfs://bafkreidcv44iwoyt45aqay4qmeedmd3db3fwuj6cpetv66fstnqtzq5hiy,"{'name': 'PixelLegion #60', 'description': 'This is Legionary #60 out of 100. PixelLegion is the NFT collection on the Polygon blockchain. Each of these 100 Legionaries has attributes that make them unique according to a defined rarity system.', 'image': 'ipfs://bafkreidcv44iwoyt45aqay4qmeedmd3db3fwuj6cpetv66fstnqtzq5hiy', 'attributes': [{'trait_type': 'Body', 'value': 'Aethiopian'}, {'trait_type': 'Weapon', 'value': 'Axe'}, {'trait_type': 'Helmet', 'value': 'Centurion'}, {'trait_type': 'Shield', 'value': 'Scutum'}, {'trait_type': 'Pattern', 'value': 'Marks'}, {'trait_type': 'Color', 'value': 'Dark Green'}]}",ipfs://bafkreifplyeb55ky3c45sahj7bbuox3vtodg7ae6h57qblaswq5eftkeeu
PixelLegion #61,Latin,Sword,Soldier,Steel,Bars,Navy,ipfs://bafkreihz5vmfulcqrjiik6xy7oc7v34ezlsuup3ayniyyhduubmh6nk5my,"{'name': 'PixelLegion #61', 'description': 'This is Legionary #61 out of 100. PixelLegion is the NFT collection on the Polygon blockchain. Each of these 100 Legionaries has attributes that make them unique according to a defined rarity system.', 'image': 'ipfs://bafkreihz5vmfulcqrjiik6xy7oc7v34ezlsuup3ayniyyhduubmh6nk5my', 'attributes': [{'trait_type': 'Body', 'value': 'Latin'}, {'trait_type': 'Weapon', 'value': 'Sword'}, {'trait_type': 'Helmet', 'value': 'Soldier'}, {'trait_type': 'Shield', 'value': 'Steel'}, {'trait_type': 'Pattern', 'value': 'Bars'}, {'trait_type': 'Color', 'value': 'Navy'}]}",ipfs://bafkreicrfxcjfegobx4u4w5khq7jywsmw5c3yksmqqnozrnhufvbgcd4su
PixelLegion #62,Latin,Pike,Soldier,Steel,War Symbol,Crimson,ipfs://bafkreicq4vonb3hays6h2jcykyu4qqmja6i6x4siwxlrb7jjhcyruqwaoq,"{'name': 'PixelLegion #62', 'description': 'This is Legionary #62 out of 100. PixelLegion is the NFT collection on the Polygon blockchain. Each of these 100 Legionaries has attributes that make them unique according to a defined rarity system.', 'image': 'ipfs://bafkreicq4vonb3hays6h2jcykyu4qqmja6i6x4siwxlrb7jjhcyruqwaoq', 'attributes': [{'trait_type': 'Body', 'value': 'Latin'}, {'trait_type': 'Weapon', 'value': 'Pike'}, {'trait_type': 'Helmet', 'value': 'Soldier'}, {'trait_type': 'Shield', 'value': 'Steel'}, {'trait_type': 'Pattern', 'value': 'War Symbol'}, {'trait_type': 'Color', 'value': 'Crimson'}]}",ipfs://bafkreih2cjglw4kr6huxmejormfkvbapp3wn7g4ivkmuy5xgnbddomcwyy
PixelLegion #63,Latin,Halberd,Horned,Steel,Bars,Golden Rod ,ipfs://bafkreibtlypok4xcbh5ipysatj6ocsvmy46s5ryqhkfwk73wfe4vntg2ca,"{'name': 'PixelLegion #63', 'description': 'This is Legionary #63 out of 100. PixelLegion is the NFT collection on the Polygon blockchain. Each of these 100 Legionaries has attributes that make them unique according to a defined rarity system.', 'image': 'ipfs://bafkreibtlypok4xcbh5ipysatj6ocsvmy46s5ryqhkfwk73wfe4vntg2ca', 'attributes': [{'trait_type': 'Body', 'value': 'Latin'}, {'trait_type': 'Weapon', 'value': 'Halberd'}, {'trait_type': 'Helmet', 'value': 'Horned'}, {'trait_type': 'Shield', 'value': 'Steel'}, {'trait_type': 'Pattern', 'value': 'Bars'}, {'trait_type': 'Color', 'value': 'Golden Rod '}]}",ipfs://bafkreidrxwjtugzlfgndqorru6l4aavdx55cfudp5dddydctgxklboucla
PixelLegion #64,Catalan,Sword,Horned,Wooden,V-mark,Medium Violet Red,ipfs://bafkreidnmlgza5jpvvbm7dghorwjh345kzlqraautwi3u7llcdwnbwsry4,"{'name': 'PixelLegion #64', 'description': 'This is Legionary #64 out of 100. PixelLegion is the NFT collection on the Polygon blockchain. Each of these 100 Legionaries has attributes that make them unique according to a defined rarity system.', 'image': 'ipfs://bafkreidnmlgza5jpvvbm7dghorwjh345kzlqraautwi3u7llcdwnbwsry4', 'attributes': [{'trait_type': 'Body', 'value': 'Catalan'}, {'trait_type': 'Weapon', 'value': 'Sword'}, {'trait_type': 'Helmet', 'value': 'Horned'}, {'trait_type': 'Shield', 'value': 'Wooden'}, {'trait_type': 'Pattern', 'value': 'V-mark'}, {'trait_type': 'Color', 'value': 'Medium Violet Red'}]}",ipfs://bafkreifwnn5vbbhplp3i63qihjblmbsz3o2yisd5vycbe7qeds3npnrwcq
PixelLegion #65,Latin,Sword,Soldier,Scutum,Bars,Gold,ipfs://bafkreiabdgeq5d7xv73jsi72vp436l4jymt77lj5ge5f2rrfprc3bhmz4m,"{'name': 'PixelLegion #65', 'description': 'This is Legionary #65 out of 100. PixelLegion is the NFT collection on the Polygon blockchain. Each of these 100 Legionaries has attributes that make them unique according to a defined rarity system.', 'image': 'ipfs://bafkreiabdgeq5d7xv73jsi72vp436l4jymt77lj5ge5f2rrfprc3bhmz4m', 'attributes': [{'trait_type': 'Body', 'value': 'Latin'}, {'trait_type': 'Weapon', 'value': 'Sword'}, {'trait_type': 'Helmet', 'value': 'Soldier'}, {'trait_type': 'Shield', 'value': 'Scutum'}, {'trait_type': 'Pattern', 'value': 'Bars'}, {'trait_type': 'Color', 'value': 'Gold'}]}",ipfs://bafkreidzgr5tamgu7hpagsne3pweeiknmkpmpbt7vh6jxawp3lsw4zznwy
PixelLegion #66,Latin,Halberd,Centurion,Steel,War Symbol,DarkRed,ipfs://bafkreietmxxki75js2ibarkjavhg3q74hwazjy7zaruv7b43zwvrgulxnu,"{'name': 'PixelLegion #66', 'description': 'This is Legionary #66 out of 100. PixelLegion is the NFT collection on the Polygon blockchain. Each of these 100 Legionaries has attributes that make them unique according to a defined rarity system.', 'image': 'ipfs://bafkreietmxxki75js2ibarkjavhg3q74hwazjy7zaruv7b43zwvrgulxnu', 'attributes': [{'trait_type': 'Body', 'value': 'Latin'}, {'trait_type': 'Weapon', 'value': 'Halberd'}, {'trait_type': 'Helmet', 'value': 'Centurion'}, {'trait_type': 'Shield', 'value': 'Steel'}, {'trait_type': 'Pattern', 'value': 'War Symbol'}, {'trait_type': 'Color', 'value': 'DarkRed'}]}",ipfs://bafkreibkwj3g2mpcl7hwftczxp5c5uiwhzyo2njeviz44jt5q5g5wilcxy
PixelLegion #67,Latin,Sword,Soldier,Scutum,Bars,Dark Green,ipfs://bafkreibrzhpk2ep523j4yoljfzd5asqxxsi3py5w23giz2mkqvxxwv3wcm,"{'name': 'PixelLegion #67', 'description': 'This is Legionary #67 out of 100. PixelLegion is the NFT collection on the Polygon blockchain. Each of these 100 Legionaries has attributes that make them unique according to a defined rarity system.', 'image': 'ipfs://bafkreibrzhpk2ep523j4yoljfzd5asqxxsi3py5w23giz2mkqvxxwv3wcm', 'attributes': [{'trait_type': 'Body', 'value': 'Latin'}, {'trait_type': 'Weapon', 'value': 'Sword'}, {'trait_type': 'Helmet', 'value': 'Soldier'}, {'trait_type': 'Shield', 'value': 'Scutum'}, {'trait_type': 'Pattern', 'value': 'Bars'}, {'trait_type': 'Color', 'value': 'Dark Green'}]}",ipfs://bafkreihsoa3zned6boo5mfbbyfph63subjc5ioagsc7mhbwqv2sdteilki
PixelLegion #68,Latin,Axe,Soldier,Wooden,Cross,Black,ipfs://bafkreictjb2m2h73xdinlglybijbb6pnkhqqq4k5rlqae4fpugnkdibpoy,"{'name': 'PixelLegion #68', 'description': 'This is Legionary #68 out of 100. PixelLegion is the NFT collection on the Polygon blockchain. Each of these 100 Legionaries has attributes that make them unique according to a defined rarity system.', 'image': 'ipfs://bafkreictjb2m2h73xdinlglybijbb6pnkhqqq4k5rlqae4fpugnkdibpoy', 'attributes': [{'trait_type': 'Body', 'value': 'Latin'}, {'trait_type': 'Weapon', 'value': 'Axe'}, {'trait_type': 'Helmet', 'value': 'Soldier'}, {'trait_type': 'Shield', 'value': 'Wooden'}, {'trait_type': 'Pattern', 'value': 'Cross'}, {'trait_type': 'Color', 'value': 'Black'}]}",ipfs://bafkreifsvx2szo56kq2casyublwimarqruoyfwpexrw4pgv3yssidjb3mu
PixelLegion #69,Catalan,Mace,Centurion,Wooden,Cross,Navy,ipfs://bafkreibl2tyalslcss3dp7zgmfqar7jzb62lcjy27slokhcauqnyf3g5ku,"{'name': 'PixelLegion #69', 'description': 'This is Legionary #69 out of 100. PixelLegion is the NFT collection on the Polygon blockchain. Each of these 100 Legionaries has attributes that make them unique according to a defined rarity system.', 'image': 'ipfs://bafkreibl2tyalslcss3dp7zgmfqar7jzb62lcjy27slokhcauqnyf3g5ku', 'attributes': [{'trait_type': 'Body', 'value': 'Catalan'}, {'trait_type': 'Weapon', 'value': 'Mace'}, {'trait_type': 'Helmet', 'value': 'Centurion'}, {'trait_type': 'Shield', 'value': 'Wooden'}, {'trait_type': 'Pattern', 'value': 'Cross'}, {'trait_type': 'Color', 'value': 'Navy'}]}",ipfs://bafkreigpwysbvzrszwtjtf2thymozmi24f6q5rcp5buiaghfcngwchkzgq
PixelLegion #70,Aethiopian,Mace,Centurion,Scutum,Marks,Black,ipfs://bafkreidiywyrxjfubknjhxmws7pleo5rop2wowey4rrjjfdbfysmfhmbl4,"{'name': 'PixelLegion #70', 'description': 'This is Legionary #70 out of 100. PixelLegion is the NFT collection on the Polygon blockchain. Each of these 100 Legionaries has attributes that make them unique according to a defined rarity system.', 'image': 'ipfs://bafkreidiywyrxjfubknjhxmws7pleo5rop2wowey4rrjjfdbfysmfhmbl4', 'attributes': [{'trait_type': 'Body', 'value': 'Aethiopian'}, {'trait_type': 'Weapon', 'value': 'Mace'}, {'trait_type': 'Helmet', 'value': 'Centurion'}, {'trait_type': 'Shield', 'value': 'Scutum'}, {'trait_type': 'Pattern', 'value': 'Marks'}, {'trait_type': 'Color', 'value': 'Black'}]}",ipfs://bafkreidl2c6ymhz33ik3haqgecue4re4y5rigzp34hei2dxj7vwnpw3mnu
PixelLegion #71,Catalan,Pike,Soldier,Steel,Bars,Medium Violet Red,ipfs://bafkreib4k5guj3rqoe4ljrvbzlq2ehoccpdsr5r7ibunqt7ueowyi6bozu,"{'name': 'PixelLegion #71', 'description': 'This is Legionary #71 out of 100. PixelLegion is the NFT collection on the Polygon blockchain. Each of these 100 Legionaries has attributes that make them unique according to a defined rarity system.', 'image': 'ipfs://bafkreib4k5guj3rqoe4ljrvbzlq2ehoccpdsr5r7ibunqt7ueowyi6bozu', 'attributes': [{'trait_type': 'Body', 'value': 'Catalan'}, {'trait_type': 'Weapon', 'value': 'Pike'}, {'trait_type': 'Helmet', 'value': 'Soldier'}, {'trait_type': 'Shield', 'value': 'Steel'}, {'trait_type': 'Pattern', 'value': 'Bars'}, {'trait_type': 'Color', 'value': 'Medium Violet Red'}]}",ipfs://bafkreig4t7nk3ra5haywblbkq2q4iclf26nzietvbegzlowecmmmogq3iq
PixelLegion #72,Latin,Pike,Soldier,Scutum,Bars,Orange Red,ipfs://bafkreihliyxptnz2il2nsh7s7a2hc5h7psknyufehwtso6nwxratpjlwqy,"{'name': 'PixelLegion #72', 'description': 'This is Legionary #72 out of 100. PixelLegion is the NFT collection on the Polygon blockchain. Each of these 100 Legionaries has attributes that make them unique according to a defined rarity system.', 'image': 'ipfs://bafkreihliyxptnz2il2nsh7s7a2hc5h7psknyufehwtso6nwxratpjlwqy', 'attributes': [{'trait_type': 'Body', 'value': 'Latin'}, {'trait_type': 'Weapon', 'value': 'Pike'}, {'trait_type': 'Helmet', 'value': 'Soldier'}, {'trait_type': 'Shield', 'value': 'Scutum'}, {'trait_type': 'Pattern', 'value': 'Bars'}, {'trait_type': 'Color', 'value': 'Orange Red'}]}",ipfs://bafkreia6cijnzycl4zxnftoyk6a5pogel7qyxkod2yhqrj6zvosl7o4vce
PixelLegion #73,Latin,Sword,Horned,Scutum,Marks,Navy,ipfs://bafkreiaon552kyqzfcwusnal727floz5fhpjl6i2ccbje2oixumukn6jmu,"{'name': 'PixelLegion #73', 'description': 'This is Legionary #73 out of 100. PixelLegion is the NFT collection on the Polygon blockchain. Each of these 100 Legionaries has attributes that make them unique according to a defined rarity system.', 'image': 'ipfs://bafkreiaon552kyqzfcwusnal727floz5fhpjl6i2ccbje2oixumukn6jmu', 'attributes': [{'trait_type': 'Body', 'value': 'Latin'}, {'trait_type': 'Weapon', 'value': 'Sword'}, {'trait_type': 'Helmet', 'value': 'Horned'}, {'trait_type': 'Shield', 'value': 'Scutum'}, {'trait_type': 'Pattern', 'value': 'Marks'}, {'trait_type': 'Color', 'value': 'Navy'}]}",ipfs://bafkreicqhus5yloqzvqhiq37wgjmknsnpcaaml3go6fypj2hsbrsbsq2ki
PixelLegion #74,Catalan,Mace,Horned,Wooden,Cross,Medium Violet Red,ipfs://bafkreic35gili7fdlvrkospa2kscbtvqscb3y56hpdfcoeu7ezbd3e27xu,"{'name': 'PixelLegion #74', 'description': 'This is Legionary #74 out of 100. PixelLegion is the NFT collection on the Polygon blockchain. Each of these 100 Legionaries has attributes that make them unique according to a defined rarity system.', 'image': 'ipfs://bafkreic35gili7fdlvrkospa2kscbtvqscb3y56hpdfcoeu7ezbd3e27xu', 'attributes': [{'trait_type': 'Body', 'value': 'Catalan'}, {'trait_type': 'Weapon', 'value': 'Mace'}, {'trait_type': 'Helmet', 'value': 'Horned'}, {'trait_type': 'Shield', 'value': 'Wooden'}, {'trait_type': 'Pattern', 'value': 'Cross'}, {'trait_type': 'Color', 'value': 'Medium Violet Red'}]}",ipfs://bafkreiblfh3xbvkr6exhrvweh7o6kryqoscemju2et44lfyymqfj2ujpfu
PixelLegion #75,Latin,Trident,Horned,Steel,War Symbol,Royal Blue,ipfs://bafkreidcdew7qvjkzh5w365fxzgfzeo7znoce3vv3ownuufpbjb6vfa2ry,"{'name': 'PixelLegion #75', 'description': 'This is Legionary #75 out of 100. PixelLegion is the NFT collection on the Polygon blockchain. Each of these 100 Legionaries has attributes that make them unique according to a defined rarity system.', 'image': 'ipfs://bafkreidcdew7qvjkzh5w365fxzgfzeo7znoce3vv3ownuufpbjb6vfa2ry', 'attributes': [{'trait_type': 'Body', 'value': 'Latin'}, {'trait_type': 'Weapon', 'value': 'Trident'}, {'trait_type': 'Helmet', 'value': 'Horned'}, {'trait_type': 'Shield', 'value': 'Steel'}, {'trait_type': 'Pattern', 'value': 'War Symbol'}, {'trait_type': 'Color', 'value': 'Royal Blue'}]}",ipfs://bafkreifb3wrsqayrszieagmteulbiaw47d6cbdircrs6ftjh6vfvpfsmri
PixelLegion #76,Aethiopian,Halberd,Horned,Scutum,Bars,DarkRed,ipfs://bafkreihctpxdax2oghpeu55zuyp7ly2dggz6ilinbprfx5ss66enebnpl4,"{'name': 'PixelLegion #76', 'description': 'This is Legionary #76 out of 100. PixelLegion is the NFT collection on the Polygon blockchain. Each of these 100 Legionaries has attributes that make them unique according to a defined rarity system.', 'image': 'ipfs://bafkreihctpxdax2oghpeu55zuyp7ly2dggz6ilinbprfx5ss66enebnpl4', 'attributes': [{'trait_type': 'Body', 'value': 'Aethiopian'}, {'trait_type': 'Weapon', 'value': 'Halberd'}, {'trait_type': 'Helmet', 'value': 'Horned'}, {'trait_type': 'Shield', 'value': 'Scutum'}, {'trait_type': 'Pattern', 'value': 'Bars'}, {'trait_type': 'Color', 'value': 'DarkRed'}]}",ipfs://bafkreicpzixsxvkloajbrzftxinwftykrijfkuuhtiggjr3thpobbratxm
PixelLegion #77,Aethiopian,Halberd,Centurion,Scutum,Bars,DarkRed,ipfs://bafkreiasfqhwqyj26og2x5cwxyvikufhmmlbifhzljfvg65k5yf5f6mley,"{'name': 'PixelLegion #77', 'description': 'This is Legionary #77 out of 100. PixelLegion is the NFT collection on the Polygon blockchain. Each of these 100 Legionaries has attributes that make them unique according to a defined rarity system.', 'image': 'ipfs://bafkreiasfqhwqyj26og2x5cwxyvikufhmmlbifhzljfvg65k5yf5f6mley', 'attributes': [{'trait_type': 'Body', 'value': 'Aethiopian'}, {'trait_type': 'Weapon', 'value': 'Halberd'}, {'trait_type': 'Helmet', 'value': 'Centurion'}, {'trait_type': 'Shield', 'value': 'Scutum'}, {'trait_type': 'Pattern', 'value': 'Bars'}, {'trait_type': 'Color', 'value': 'DarkRed'}]}",ipfs://bafkreigve6mk5vggeoga5nzdyvjumjr2ji5ai5jnhbtkpzoq2cqaecxtn4
PixelLegion #78,Latin,Sword,Soldier,Wooden,V-mark,Medium Violet Red,ipfs://bafkreihgbvwr7wx6jjqp3zi6hhbzmgxuhdlxfhrx752hyv6m4m662zliam,"{'name': 'PixelLegion #78', 'description': 'This is Legionary #78 out of 100. PixelLegion is the NFT collection on the Polygon blockchain. Each of these 100 Legionaries has attributes that make them unique according to a defined rarity system.', 'image': 'ipfs://bafkreihgbvwr7wx6jjqp3zi6hhbzmgxuhdlxfhrx752hyv6m4m662zliam', 'attributes': [{'trait_type': 'Body', 'value': 'Latin'}, {'trait_type': 'Weapon', 'value': 'Sword'}, {'trait_type': 'Helmet', 'value': 'Soldier'}, {'trait_type': 'Shield', 'value': 'Wooden'}, {'trait_type': 'Pattern', 'value': 'V-mark'}, {'trait_type': 'Color', 'value': 'Medium Violet Red'}]}",ipfs://bafkreifkch4usxjhrmam5mkkg7isfwr3nmxw7ya3hfk4erisyoovzafx3a
PixelLegion #79,Latin,Halberd,Soldier,Scutum,Marks,Dark Green,ipfs://bafkreif7536tgvfwnto5to57lfn5akqgmeheynl3cyx2z6y7t66gmudfty,"{'name': 'PixelLegion #79', 'description': 'This is Legionary #79 out of 100. PixelLegion is the NFT collection on the Polygon blockchain. Each of these 100 Legionaries has attributes that make them unique according to a defined rarity system.', 'image': 'ipfs://bafkreif7536tgvfwnto5to57lfn5akqgmeheynl3cyx2z6y7t66gmudfty', 'attributes': [{'trait_type': 'Body', 'value': 'Latin'}, {'trait_type': 'Weapon', 'value': 'Halberd'}, {'trait_type': 'Helmet', 'value': 'Soldier'}, {'trait_type': 'Shield', 'value': 'Scutum'}, {'trait_type': 'Pattern', 'value': 'Marks'}, {'trait_type': 'Color', 'value': 'Dark Green'}]}",ipfs://bafkreifkhbmwyu4iso7vr3376mrazccmajzrqc6tqr3dxf2hgrczbygw4u
PixelLegion #80,Aethiopian,Sword,Horned,Steel,War Symbol,Gold,ipfs://bafkreifjslz4dsuwifyu6kzux7sbfv3k77icek3ntuezij4ydjeoibcjny,"{'name': 'PixelLegion #80', 'description': 'This is Legionary #80 out of 100. PixelLegion is the NFT collection on the Polygon blockchain. Each of these 100 Legionaries has attributes that make them unique according to a defined rarity system.', 'image': 'ipfs://bafkreifjslz4dsuwifyu6kzux7sbfv3k77icek3ntuezij4ydjeoibcjny', 'attributes': [{'trait_type': 'Body', 'value': 'Aethiopian'}, {'trait_type': 'Weapon', 'value': 'Sword'}, {'trait_type': 'Helmet', 'value': 'Horned'}, {'trait_type': 'Shield', 'value': 'Steel'}, {'trait_type': 'Pattern', 'value': 'War Symbol'}, {'trait_type': 'Color', 'value': 'Gold'}]}",ipfs://bafkreihwzhwmxdwym3zvxt6lnssbodgjsvkmpwzpp3c4ujifkyir5t6mgu
PixelLegion #81,Latin,Trident,Soldier,Steel,Bars,Golden Rod ,ipfs://bafkreihsdtmpkbfxervrwcxz6ogql2qkrbkecnueatoxztv6en73q32u6q,"{'name': 'PixelLegion #81', 'description': 'This is Legionary #81 out of 100. PixelLegion is the NFT collection on the Polygon blockchain. Each of these 100 Legionaries has attributes that make them unique according to a defined rarity system.', 'image': 'ipfs://bafkreihsdtmpkbfxervrwcxz6ogql2qkrbkecnueatoxztv6en73q32u6q', 'attributes': [{'trait_type': 'Body', 'value': 'Latin'}, {'trait_type': 'Weapon', 'value': 'Trident'}, {'trait_type': 'Helmet', 'value': 'Soldier'}, {'trait_type': 'Shield', 'value': 'Steel'}, {'trait_type': 'Pattern', 'value': 'Bars'}, {'trait_type': 'Color', 'value': 'Golden Rod '}]}",ipfs://bafkreifrhsw7km3fgtuhzresnmhtal5sdaelinl7erbq7areuwqsxyfuoa
PixelLegion #82,Aethiopian,Halberd,Soldier,Scutum,Marks,Crimson,ipfs://bafkreibfhe4mqwlwetfqiarcsif4zfahcbncy6vff2a7jpgkg522snlby4,"{'name': 'PixelLegion #82', 'description': 'This is Legionary #82 out of 100. PixelLegion is the NFT collection on the Polygon blockchain. Each of these 100 Legionaries has attributes that make them unique according to a defined rarity system.', 'image': 'ipfs://bafkreibfhe4mqwlwetfqiarcsif4zfahcbncy6vff2a7jpgkg522snlby4', 'attributes': [{'trait_type': 'Body', 'value': 'Aethiopian'}, {'trait_type': 'Weapon', 'value': 'Halberd'}, {'trait_type': 'Helmet', 'value': 'Soldier'}, {'trait_type': 'Shield', 'value': 'Scutum'}, {'trait_type': 'Pattern', 'value': 'Marks'}, {'trait_type': 'Color', 'value': 'Crimson'}]}",ipfs://bafkreicncauqz4x6mhnkrrbapca7z3w7y3ubnkppmoqh2fbzo3ttghm22y
PixelLegion #83,Latin,Halberd,Centurion,Scutum,Marks,Navy,ipfs://bafkreie2rrbu66i5pmrwf6bxq7np4lpvybpgl4ravb3h74ffx5wsecxlvu,"{'name': 'PixelLegion #83', 'description': 'This is Legionary #83 out of 100. PixelLegion is the NFT collection on the Polygon blockchain. Each of these 100 Legionaries has attributes that make them unique according to a defined rarity system.', 'image': 'ipfs://bafkreie2rrbu66i5pmrwf6bxq7np4lpvybpgl4ravb3h74ffx5wsecxlvu', 'attributes': [{'trait_type': 'Body', 'value': 'Latin'}, {'trait_type': 'Weapon', 'value': 'Halberd'}, {'trait_type': 'Helmet', 'value': 'Centurion'}, {'trait_type': 'Shield', 'value': 'Scutum'}, {'trait_type': 'Pattern', 'value': 'Marks'}, {'trait_type': 'Color', 'value': 'Navy'}]}",ipfs://bafkreiaikvx7xazzxi3imexfreh5ibsgqsc2cp4wieal7r3ls627vnna7a
PixelLegion #84,Latin,Sword,Soldier,Steel,Bars,Olive Drab,ipfs://bafkreihzpnp57vaupnysbqi7s4ssarnmbz72jwc3ladzuqayk5kjkisc6i,"{'name': 'PixelLegion #84', 'description': 'This is Legionary #84 out of 100. PixelLegion is the NFT collection on the Polygon blockchain. Each of these 100 Legionaries has attributes that make them unique according to a defined rarity system.', 'image': 'ipfs://bafkreihzpnp57vaupnysbqi7s4ssarnmbz72jwc3ladzuqayk5kjkisc6i', 'attributes': [{'trait_type': 'Body', 'value': 'Latin'}, {'trait_type': 'Weapon', 'value': 'Sword'}, {'trait_type': 'Helmet', 'value': 'Soldier'}, {'trait_type': 'Shield', 'value': 'Steel'}, {'trait_type': 'Pattern', 'value': 'Bars'}, {'trait_type': 'Color', 'value': 'Olive Drab'}]}",ipfs://bafkreicd7plriuvxtjz5ci2psxva62o3t7kknxx4z3qq4v7ori4alifpzy
PixelLegion #85,Latin,Sword,Horned,Steel,War Symbol,Dark Magenta,ipfs://bafkreig2uks5fapkzvkkxpj26hz2b4ojicr5qplexw2r55zogcboryl65m,"{'name': 'PixelLegion #85', 'description': 'This is Legionary #85 out of 100. PixelLegion is the NFT collection on the Polygon blockchain. Each of these 100 Legionaries has attributes that make them unique according to a defined rarity system.', 'image': 'ipfs://bafkreig2uks5fapkzvkkxpj26hz2b4ojicr5qplexw2r55zogcboryl65m', 'attributes': [{'trait_type': 'Body', 'value': 'Latin'}, {'trait_type': 'Weapon', 'value': 'Sword'}, {'trait_type': 'Helmet', 'value': 'Horned'}, {'trait_type': 'Shield', 'value': 'Steel'}, {'trait_type': 'Pattern', 'value': 'War Symbol'}, {'trait_type': 'Color', 'value': 'Dark Magenta'}]}",ipfs://bafkreic3kecmtltjmpu7mnndpm4wrp5ygnpqaerurua76mtdi7anslvsgm
PixelLegion #86,Aethiopian,Trident,Soldier,Wooden,V-mark,Dark Green,ipfs://bafkreie5rxgvo22hh4cmdbs77fr7ilr3tang3txyo67qtz3hebrj3exo54,"{'name': 'PixelLegion #86', 'description': 'This is Legionary #86 out of 100. PixelLegion is the NFT collection on the Polygon blockchain. Each of these 100 Legionaries has attributes that make them unique according to a defined rarity system.', 'image': 'ipfs://bafkreie5rxgvo22hh4cmdbs77fr7ilr3tang3txyo67qtz3hebrj3exo54', 'attributes': [{'trait_type': 'Body', 'value': 'Aethiopian'}, {'trait_type': 'Weapon', 'value': 'Trident'}, {'trait_type': 'Helmet', 'value': 'Soldier'}, {'trait_type': 'Shield', 'value': 'Wooden'}, {'trait_type': 'Pattern', 'value': 'V-mark'}, {'trait_type': 'Color', 'value': 'Dark Green'}]}",ipfs://bafkreiautxewtp57yaf73dgqwynvgfaosmin2nbcwdaj36i5htzoawpude
PixelLegion #87,Catalan,Sword,Soldier,Steel,Bars,Golden Rod ,ipfs://bafkreicqfb7nt6pzhfrw5g2xwt2isqt7u2wiiiniyziiappt4aqmg4sn6a,"{'name': 'PixelLegion #87', 'description': 'This is Legionary #87 out of 100. PixelLegion is the NFT collection on the Polygon blockchain. Each of these 100 Legionaries has attributes that make them unique according to a defined rarity system.', 'image': 'ipfs://bafkreicqfb7nt6pzhfrw5g2xwt2isqt7u2wiiiniyziiappt4aqmg4sn6a', 'attributes': [{'trait_type': 'Body', 'value': 'Catalan'}, {'trait_type': 'Weapon', 'value': 'Sword'}, {'trait_type': 'Helmet', 'value': 'Soldier'}, {'trait_type': 'Shield', 'value': 'Steel'}, {'trait_type': 'Pattern', 'value': 'Bars'}, {'trait_type': 'Color', 'value': 'Golden Rod '}]}",ipfs://bafkreibkolx2nvzmotwziqrn6j5wnm7bb353kfzpybimbi6nmt4nabxze4
PixelLegion #88,Latin,Mace,Centurion,Steel,War Symbol,Royal Blue,ipfs://bafkreia6rsj732qtgf3taprb7zojlkt6ludhbddpappducu5ndw3iqplnu,"{'name': 'PixelLegion #88', 'description': 'This is Legionary #88 out of 100. PixelLegion is the NFT collection on the Polygon blockchain. Each of these 100 Legionaries has attributes that make them unique according to a defined rarity system.', 'image': 'ipfs://bafkreia6rsj732qtgf3taprb7zojlkt6ludhbddpappducu5ndw3iqplnu', 'attributes': [{'trait_type': 'Body', 'value': 'Latin'}, {'trait_type': 'Weapon', 'value': 'Mace'}, {'trait_type': 'Helmet', 'value': 'Centurion'}, {'trait_type': 'Shield', 'value': 'Steel'}, {'trait_type': 'Pattern', 'value': 'War Symbol'}, {'trait_type': 'Color', 'value': 'Royal Blue'}]}",ipfs://bafkreif5byjvb2lxyrw3kdpch52xqoi27mkfn6howls5xmexsbkczyxvzm
PixelLegion #89,Latin,Axe,Centurion,Steel,War Symbol,Golden Rod ,ipfs://bafkreifmpuulaioon76ab65olqvukh4eq23kdewmtnxwerorkjuakepmbu,"{'name': 'PixelLegion #89', 'description': 'This is Legionary #89 out of 100. PixelLegion is the NFT collection on the Polygon blockchain. Each of these 100 Legionaries has attributes that make them unique according to a defined rarity system.', 'image': 'ipfs://bafkreifmpuulaioon76ab65olqvukh4eq23kdewmtnxwerorkjuakepmbu', 'attributes': [{'trait_type': 'Body', 'value': 'Latin'}, {'trait_type': 'Weapon', 'value': 'Axe'}, {'trait_type': 'Helmet', 'value': 'Centurion'}, {'trait_type': 'Shield', 'value': 'Steel'}, {'trait_type': 'Pattern', 'value': 'War Symbol'}, {'trait_type': 'Color', 'value': 'Golden Rod '}]}",ipfs://bafkreiglvwww5yp54nirlubweickdm3k7v7eu63b5c6latbtprv3wxf6tm
PixelLegion #90,Latin,Trident,Horned,Steel,Bars,Crimson,ipfs://bafkreic67qewrbxdzq2hm4tt3qtiz2ieoxbxqvb3z5eskt6ijhag2snery,"{'name': 'PixelLegion #90', 'description': 'This is Legionary #90 out of 100. PixelLegion is the NFT collection on the Polygon blockchain. Each of these 100 Legionaries has attributes that make them unique according to a defined rarity system.', 'image': 'ipfs://bafkreic67qewrbxdzq2hm4tt3qtiz2ieoxbxqvb3z5eskt6ijhag2snery', 'attributes': [{'trait_type': 'Body', 'value': 'Latin'}, {'trait_type': 'Weapon', 'value': 'Trident'}, {'trait_type': 'Helmet', 'value': 'Horned'}, {'trait_type': 'Shield', 'value': 'Steel'}, {'trait_type': 'Pattern', 'value': 'Bars'}, {'trait_type': 'Color', 'value': 'Crimson'}]}",ipfs://bafkreiaffyolbovubcbvtgv4gm2ocibptxzcpqpxcroehkdcrkj4gbhjau
PixelLegion #91,Latin,Axe,Horned,Wooden,Cross,Crimson,ipfs://bafkreihd2xn22fdned2rj6fvn23ekohqemdjuicgrgh254exjqhwczqwk4,"{'name': 'PixelLegion #91', 'description': 'This is Legionary #91 out of 100. PixelLegion is the NFT collection on the Polygon blockchain. Each of these 100 Legionaries has attributes that make them unique according to a defined rarity system.', 'image': 'ipfs://bafkreihd2xn22fdned2rj6fvn23ekohqemdjuicgrgh254exjqhwczqwk4', 'attributes': [{'trait_type': 'Body', 'value': 'Latin'}, {'trait_type': 'Weapon', 'value': 'Axe'}, {'trait_type': 'Helmet', 'value': 'Horned'}, {'trait_type': 'Shield', 'value': 'Wooden'}, {'trait_type': 'Pattern', 'value': 'Cross'}, {'trait_type': 'Color', 'value': 'Crimson'}]}",ipfs://bafkreihzkq6n4zj5wz3pluwyyim5ysmt7ye4smggrktawod77fczwwot4m
PixelLegion #92,Catalan,Pike,Soldier,Scutum,Marks,Royal Blue,ipfs://bafkreifluy27tw2v27nwzaopdmjsjazyu6takvgc2223yf5gthquv2thea,"{'name': 'PixelLegion #92', 'description': 'This is Legionary #92 out of 100. PixelLegion is the NFT collection on the Polygon blockchain. Each of these 100 Legionaries has attributes that make them unique according to a defined rarity system.', 'image': 'ipfs://bafkreifluy27tw2v27nwzaopdmjsjazyu6takvgc2223yf5gthquv2thea', 'attributes': [{'trait_type': 'Body', 'value': 'Catalan'}, {'trait_type': 'Weapon', 'value': 'Pike'}, {'trait_type': 'Helmet', 'value': 'Soldier'}, {'trait_type': 'Shield', 'value': 'Scutum'}, {'trait_type': 'Pattern', 'value': 'Marks'}, {'trait_type': 'Color', 'value': 'Royal Blue'}]}",ipfs://bafkreiaq3nrn6tk6d23lun5pikqlvl5tnm4pfy7bfflwjp3wqqx45fa4m4
PixelLegion #93,Latin,Mace,Centurion,Steel,Bars,Medium Violet Red,ipfs://bafkreif75bx7qvsu6e3g5mbamxssjint3pusssrokoplq2xhux5vxdpu5u,"{'name': 'PixelLegion #93', 'description': 'This is Legionary #93 out of 100. PixelLegion is the NFT collection on the Polygon blockchain. Each of these 100 Legionaries has attributes that make them unique according to a defined rarity system.', 'image': 'ipfs://bafkreif75bx7qvsu6e3g5mbamxssjint3pusssrokoplq2xhux5vxdpu5u', 'attributes': [{'trait_type': 'Body', 'value': 'Latin'}, {'trait_type': 'Weapon', 'value': 'Mace'}, {'trait_type': 'Helmet', 'value': 'Centurion'}, {'trait_type': 'Shield', 'value': 'Steel'}, {'trait_type': 'Pattern', 'value': 'Bars'}, {'trait_type': 'Color', 'value': 'Medium Violet Red'}]}",ipfs://bafkreidvsd35nwi7cqv2zk4vgz6x4yi5t3777fwzvj22k5lqioa2vyeouu
PixelLegion #94,Catalan,Halberd,Centurion,Wooden,V-mark,Black,ipfs://bafkreidnjud6o32czvx2xfffgfebug4cvfbr4hf2ynuzfypzr5hd3cnsp4,"{'name': 'PixelLegion #94', 'description': 'This is Legionary #94 out of 100. PixelLegion is the NFT collection on the Polygon blockchain. Each of these 100 Legionaries has attributes that make them unique according to a defined rarity system.', 'image': 'ipfs://bafkreidnjud6o32czvx2xfffgfebug4cvfbr4hf2ynuzfypzr5hd3cnsp4', 'attributes': [{'trait_type': 'Body', 'value': 'Catalan'}, {'trait_type': 'Weapon', 'value': 'Halberd'}, {'trait_type': 'Helmet', 'value': 'Centurion'}, {'trait_type': 'Shield', 'value': 'Wooden'}, {'trait_type': 'Pattern', 'value': 'V-mark'}, {'trait_type': 'Color', 'value': 'Black'}]}",ipfs://bafkreid6zpm4n26svssy76vuiop3le54qszshqfhdrdshpwtkgqlhzenny
PixelLegion #95,Aethiopian,Axe,Soldier,Steel,Bars,Dark Green,ipfs://bafkreiexn5sz3guesebdvb3wbrayvuxpk7ljbli46soaurr3x77js2tqyi,"{'name': 'PixelLegion #95', 'description': 'This is Legionary #95 out of 100. PixelLegion is the NFT collection on the Polygon blockchain. Each of these 100 Legionaries has attributes that make them unique according to a defined rarity system.', 'image': 'ipfs://bafkreiexn5sz3guesebdvb3wbrayvuxpk7ljbli46soaurr3x77js2tqyi', 'attributes': [{'trait_type': 'Body', 'value': 'Aethiopian'}, {'trait_type': 'Weapon', 'value': 'Axe'}, {'trait_type': 'Helmet', 'value': 'Soldier'}, {'trait_type': 'Shield', 'value': 'Steel'}, {'trait_type': 'Pattern', 'value': 'Bars'}, {'trait_type': 'Color', 'value': 'Dark Green'}]}",ipfs://bafkreig367rxyoa3igfnaa3tlouj5yqoogp22jd775eka2t2xxilqk4qom
PixelLegion #96,Aethiopian,Trident,Horned,Steel,Bars,Crimson,ipfs://bafkreifbyhq7wnvkumwpmikb4z4czr326bjarhisnwqxfjkctq3l37r73m,"{'name': 'PixelLegion #96', 'description': 'This is Legionary #96 out of 100. PixelLegion is the NFT collection on the Polygon blockchain. Each of these 100 Legionaries has attributes that make them unique according to a defined rarity system.', 'image': 'ipfs://bafkreifbyhq7wnvkumwpmikb4z4czr326bjarhisnwqxfjkctq3l37r73m', 'attributes': [{'trait_type': 'Body', 'value': 'Aethiopian'}, {'trait_type': 'Weapon', 'value': 'Trident'}, {'trait_type': 'Helmet', 'value': 'Horned'}, {'trait_type': 'Shield', 'value': 'Steel'}, {'trait_type': 'Pattern', 'value': 'Bars'}, {'trait_type': 'Color', 'value': 'Crimson'}]}",ipfs://bafkreiajtqri2adgvd4fhpeipye2yscsqq3zjdyeatxtde3wwqggtlotdm
PixelLegion #97,Aethiopian,Pike,Soldier,Wooden,Cross,Black,ipfs://bafkreid3z7c6xeyqx76z6wbqqngp66pqv7yqznmwsk44osrs27qccccspq,"{'name': 'PixelLegion #97', 'description': 'This is Legionary #97 out of 100. PixelLegion is the NFT collection on the Polygon blockchain. Each of these 100 Legionaries has attributes that make them unique according to a defined rarity system.', 'image': 'ipfs://bafkreid3z7c6xeyqx76z6wbqqngp66pqv7yqznmwsk44osrs27qccccspq', 'attributes': [{'trait_type': 'Body', 'value': 'Aethiopian'}, {'trait_type': 'Weapon', 'value': 'Pike'}, {'trait_type': 'Helmet', 'value': 'Soldier'}, {'trait_type': 'Shield', 'value': 'Wooden'}, {'trait_type': 'Pattern', 'value': 'Cross'}, {'trait_type': 'Color', 'value': 'Black'}]}",ipfs://bafkreiddqftrwtodmc33ahm7ip7qbisqkexjcfpg2lwdhljhxdfi4ekubi
PixelLegion #98,Aethiopian,Pike,Horned,Steel,Bars,Dark Magenta,ipfs://bafkreiev7jqi67mknscddq4eywh7hyxkhefs76ouskmbz5xex3w33yjtwe,"{'name': 'PixelLegion #98', 'description': 'This is Legionary #98 out of 100. PixelLegion is the NFT collection on the Polygon blockchain. Each of these 100 Legionaries has attributes that make them unique according to a defined rarity system.', 'image': 'ipfs://bafkreiev7jqi67mknscddq4eywh7hyxkhefs76ouskmbz5xex3w33yjtwe', 'attributes': [{'trait_type': 'Body', 'value': 'Aethiopian'}, {'trait_type': 'Weapon', 'value': 'Pike'}, {'trait_type': 'Helmet', 'value': 'Horned'}, {'trait_type': 'Shield', 'value': 'Steel'}, {'trait_type': 'Pattern', 'value': 'Bars'}, {'trait_type': 'Color', 'value': 'Dark Magenta'}]}",ipfs://bafkreiaij7ithfrkqt6dovj724x7betf5xwzj7acbudjmbg4ax5qdnnegm
PixelLegion #99,Aethiopian,Mace,Soldier,Wooden,V-mark,Dark Green,ipfs://bafkreihkchqwcma2nfekjzttxpaw7eg5s3dgrydznzyhrdsosbljr6x2um,"{'name': 'PixelLegion #99', 'description': 'This is Legionary #99 out of 100. PixelLegion is the NFT collection on the Polygon blockchain. Each of these 100 Legionaries has attributes that make them unique according to a defined rarity system.', 'image': 'ipfs://bafkreihkchqwcma2nfekjzttxpaw7eg5s3dgrydznzyhrdsosbljr6x2um', 'attributes': [{'trait_type': 'Body', 'value': 'Aethiopian'}, {'trait_type': 'Weapon', 'value': 'Mace'}, {'trait_type': 'Helmet', 'value': 'Soldier'}, {'trait_type': 'Shield', 'value': 'Wooden'}, {'trait_type': 'Pattern', 'value': 'V-mark'}, {'trait_type': 'Color', 'value': 'Dark Green'}]}",ipfs://bafkreihjdhp2y3l6usgq4uzzlyw4ieougp6da5ajut3b7mqpa5qu4ezl3y
